country,year,female_population_age_15-49_(thousands),%_urban,use_of_menstrual_materials,reusable_materials,use_of_single-use_materials,enough_menstrual_materials,who_regions,iso3,income_groupings
Afghanistan,2019,8833.8955078125,25.75399780273437,91.844043017433,75.74386408123941,16.03895652552628,,Eastern Mediterranean,AFG,Low income
Afghanistan,2020,9177.5654296875,26.025999069213867,91.82800038958668,75.66186372998027,16.10500536989134,,Eastern Mediterranean,AFG,Low income
Afghanistan,2021,9457.4912109375,26.31399917602539,91.81101462298224,75.57504006908096,16.1749397450757,,Eastern Mediterranean,AFG,Low income
Afghanistan,2022,9646.634765625,26.61600112915039,91.79320557209914,75.4839977494335,16.24827418322749,,Eastern Mediterranean,AFG,Low income
Afghanistan,2023,9898.5185546875,26.93299865722656,91.774510363162,75.38843263744643,16.32525028111932,,Eastern Mediterranean,AFG,Low income
Afghanistan,2024,10224.67578125,27.26499938964844,91.75492942062591,75.28834421837574,16.40586897867875,,Eastern Mediterranean,AFG,Low income
Algeria,2015,10639.962890625,70.8479995727539,94.51782542028695,4.767966222201908,90.34987478287583,,Africa,DZA,Upper middle income
Algeria,2016,10704.923828125,71.45899963378906,94.52223532497756,4.74536744987976,90.3756237169773,,Africa,DZA,Upper middle income
Algeria,2017,10764.30859375,72.052001953125,94.52651026749676,4.72343418183313,90.40060926456681,,Africa,DZA,Upper middle income
Algeria,2018,10819.0234375,72.62899780273438,94.53067029866536,4.702092945055839,90.4249208738084,,Africa,DZA,Upper middle income
Algeria,2019,10878.638671875,73.18900299072266,94.53471081135702,4.68138035953162,90.44851936782177,,Africa,DZA,Upper middle income
Algeria,2020,10949.337890625,73.73300170898438,94.53863624438212,4.66125964119303,90.47144390940686,,Africa,DZA,Upper middle income
Algeria,2021,11034.0224609375,74.26100158691406,94.5424438793744,4.641730826908637,90.49369173589022,,Africa,DZA,Upper middle income
Algeria,2022,11132.9931640625,74.77200317382812,94.54612335239707,4.622830238542072,90.51521817472064,,Africa,DZA,Upper middle income
Algeria,2023,11244.892578125,75.26799774169922,94.54970287455168,4.604484991832229,90.5361203073939,,Africa,DZA,Upper middle income
Austria,2019,1959.520263671875,58.51499938964844,97.0,-,-,79.0,Europe,AUT,High income
Austria,2020,1949.1219482421875,58.74800109863281,97.0,-,-,79.0,Europe,AUT,High income
Austria,2021,1943.1925048828125,58.99500274658203,97.0,-,-,79.0,Europe,AUT,High income
Austria,2022,1947.326904296875,59.25600051879883,97.0,-,-,79.0,Europe,AUT,High income
Austria,2023,1943.2236328125,59.53000259399414,97.0,-,-,79.0,Europe,AUT,High income
Austria,2024,1925.188232421875,59.81900024414063,97.0,-,-,79.0,Europe,AUT,High income
Azerbaijan,2019,2706.95947265625,56.03100204467773,97.55000036388668,16.52131055465236,81.02868420613409,,Europe,AZE,Upper middle income
Azerbaijan,2020,2703.9248046875,56.397003173828125,97.54683318941508,16.46323076190923,81.08359678780567,,Europe,AZE,Upper middle income
Azerbaijan,2021,2705.539306640625,56.7760009765625,97.54355578551952,16.40308869410843,81.14046141381107,,Europe,AZE,Upper middle income
Azerbaijan,2022,2713.676025390625,57.16999816894531,97.54014853754248,16.3405662731763,81.19957654736629,,Europe,AZE,Upper middle income
Azerbaijan,2023,2715.13623046875,57.57700347900391,97.53662621459225,16.27597986161365,81.26064059527856,,Europe,AZE,Upper middle income
Azerbaijan,2024,2720.7451171875,57.99700164794922,97.53299414040092,16.20933108590628,81.32365725479441,,Europe,AZE,Upper middle income
Bangladesh,2009,40146.9140625,29.708999633789062,94.6940726577438,-,-,,South-East Asia,BGD,Lower middle income
Bangladesh,2010,40689.328125,30.46199989318848,94.6940726577438,-,-,,South-East Asia,BGD,Lower middle income
Bangladesh,2011,41266.63671875,31.224998474121094,94.6940726577438,-,-,,South-East Asia,BGD,Lower middle income
Bangladesh,2012,41905.7421875,31.992998123168945,96.47429513510885,-,-,,South-East Asia,BGD,Lower middle income
Bangladesh,2013,42573.09375,32.762001037597656,96.47796140575264,-,-,,South-East Asia,BGD,Lower middle income
Bangladesh,2014,43246.47265625,33.53499984741211,96.48165036008388,-,-,,South-East Asia,BGD,Lower middle income
Bangladesh,2015,43923.5625,34.30800247192383,96.48533389878456,64.0367733713709,32.50624411506378,,South-East Asia,BGD,Lower middle income
Bangladesh,2016,44593.75390625,35.08300018310547,96.48902987883858,63.88292603317016,32.67368314000967,,South-East Asia,BGD,Lower middle income
Bangladesh,2017,45193.046875,35.85799789428711,96.49272523063216,63.72907768632515,32.84112258241538,,South-East Asia,BGD,Lower middle income
Bangladesh,2018,45740.37890625,36.63199996948242,96.4964188258163,63.57542963407889,33.00834722052146,,South-East Asia,BGD,Lower middle income
Bangladesh,2019,46311.296875,37.40499877929688,96.50010307417584,63.421977636101,33.17535364944084,,South-East Asia,BGD,Lower middle income
Bangladesh,2020,46906.51953125,38.177001953125,96.50378180371231,63.26872281248984,33.34214466928165,,South-East Asia,BGD,Lower middle income
Bangladesh,2021,47518.0546875,38.94599914550781,96.5074520575742,63.1160681895601,33.50828866013607,,South-East Asia,BGD,Lower middle income
Bangladesh,2022,48164.4921875,39.71099853515625,96.51109978170544,62.96420499502284,33.67356763708719,,South-East Asia,BGD,Lower middle income
Bangladesh,2023,48809.62890625,40.47299957275391,96.51473363771912,62.81293770470595,33.83819853126413,,South-East Asia,BGD,Lower middle income
Bangladesh,2024,49392.73828125,41.22999954223633,96.51833942890318,-,-,,South-East Asia,BGD,Lower middle income
Benin,2018,2901.935791015625,47.3120002746582,97.1210883188677,83.09720982146948,13.97389008145619,,Africa,BEN,Lower middle income
Benin,2019,2987.431640625,47.86100006103516,97.12475385740484,83.00648269668362,14.06852853154511,,Africa,BEN,Lower middle income
Benin,2020,3075.62060546875,48.415000915527344,97.12845162409334,82.91492856857543,14.16402845145934,,Africa,BEN,Lower middle income
Benin,2021,3166.65673828125,48.97200012207031,97.132169266576,82.82287872414122,14.26004530616242,,Africa,BEN,Lower middle income
Benin,2022,3260.088134765625,49.53400039672852,97.13591982655434,82.73000200388594,14.35692419339888,,Africa,BEN,Lower middle income
Benin,2023,3355.285888671875,50.09999847412109,97.13969860776923,82.63646515987492,14.45449321665709,,Africa,BEN,Lower middle income
Benin,2024,3451.089111328125,50.66900253295898,97.14349560767484,82.54243040080755,14.55257971924457,,Africa,BEN,Lower middle income
Burkina Faso,2011,3837.412109375,25.196001052856445,90.7902146153914,48.93567363809274,42.54206536865929,,Africa,BFA,Low income
Burkina Faso,2012,3954.271240234375,25.766998291015625,90.83121250199513,48.70502690900257,42.80247856277346,,Africa,BFA,Low income
Burkina Faso,2013,4074.82421875,26.34600067138672,90.8727861274686,48.47114657555753,43.06654362228524,,Africa,BFA,Low income
Burkina Faso,2014,4199.37109375,26.93400001525879,90.9150088961785,48.23363456741515,43.33471259263015,,Africa,BFA,Low income
Burkina Faso,2015,4330.423828125,27.529998779296875,90.95779924849784,47.99288809585187,43.60652623192431,,Africa,BFA,Low income
Burkina Faso,2016,4467.99755859375,28.13400077819824,91.00116799239484,47.74891051013203,43.88199196763811,,Africa,BFA,Low income
Burkina Faso,2017,4610.65185546875,28.742998123168945,91.0448959861612,47.50291526292312,44.15973635365192,,Africa,BFA,Low income
Burkina Faso,2018,4756.52587890625,29.357999801635746,91.08905319198564,47.25449373651078,44.44021811759566,,Africa,BFA,Low income
Burkina Faso,2019,4906.90771484375,29.98000144958496,91.1337139738036,47.00324484686544,44.72389312418466,,Africa,BFA,Low income
Burkina Faso,2020,5066.2802734375,30.60700035095215,91.17873025231,46.74997619683643,45.00984509489781,,Africa,BFA,Low income
Burkina Faso,2021,5235.05810546875,31.2400016784668,91.22418147424108,46.49428487730479,45.2985366323782,,Africa,BFA,Low income
Burkina Faso,2022,5408.25390625,31.876998901367188,91.2699204926922,46.23697887241937,45.58905201072878,,Africa,BFA,Low income
Burkina Faso,2023,5585.65087890625,32.52000045776367,91.31608773757432,45.97724830423456,45.88230216063344,,Africa,BFA,Low income
Burkina Faso,2024,5767.1630859375,33.16600036621094,91.36247110676592,45.71630423467067,46.17692283716639,,Africa,BFA,Low income
Cambodia,2016,4222.39453125,22.582000732421875,90.65624174773173,19.84657074870037,73.13762857641171,,Western Pacific,KHM,Lower middle income
Cambodia,2017,4259.95947265625,22.979999542236328,90.6787111724502,19.82284117816592,73.18039493533706,,Western Pacific,KHM,Lower middle income
Cambodia,2018,4296.93408203125,23.38800048828125,90.70174955727812,19.79851638333175,73.22423934909905,,Western Pacific,KHM,Lower middle income
Cambodia,2019,4336.32666015625,23.80500030517578,90.72529118328006,19.77365374860355,73.26904707184889,,Western Pacific,KHM,Lower middle income
Cambodia,2020,4391.14599609375,24.23200035095215,90.74939576167074,19.74819455889929,73.3149280159553,,Western Pacific,KHM,Lower middle income
Cambodia,2021,4455.6767578125,24.66800117492676,90.77401180594808,19.72219958798096,73.36177868240996,,Western Pacific,KHM,Lower middle income
Cambodia,2022,4519.146484375,25.11400032043457,90.79919183196684,19.69560828424397,73.40970340340277,,Western Pacific,KHM,Lower middle income
Cambodia,2023,4586.03125,25.56999969482422,90.82493802129736,19.66842112195998,73.45870394178814,,Western Pacific,KHM,Lower middle income
Cambodia,2024,4654.5498046875,26.03499984741211,90.85119048610392,19.64069696965031,73.50867007748852,,Western Pacific,KHM,Lower middle income
Canada,2015,8261.0908203125,81.25900268554688,,-,-,62.33635448136959,Americas,CAN,High income
Canada,2016,8282.52734375,81.30000305175781,,-,-,62.33635448136959,Americas,CAN,High income
Canada,2017,8349.9150390625,81.3499984741211,,-,-,62.33635448136959,Americas,CAN,High income
Canada,2018,8442.46484375,81.41099548339844,,-,-,62.33635448136959,Americas,CAN,High income
Canada,2019,8538.0380859375,81.48200225830078,,-,-,62.33635448136959,Americas,CAN,High income
Canada,2020,8599.666015625,81.56200408935547,,-,-,62.33635448136959,Americas,CAN,High income
Canada,2021,8632.4951171875,81.65299987792969,,-,-,62.33635448136959,Americas,CAN,High income
Canada,2022,8723.1513671875,81.75199890136719,,-,-,62.33635448136959,Americas,CAN,High income
Canada,2023,8869.3134765625,81.86199951171875,,-,-,62.33635448136959,Americas,CAN,High income
Central African Republic,2015,1021.5939331054688,40.277000427246094,95.12925825851184,61.24309430225181,33.54373729758951,,Africa,CAF,Low income
Central African Republic,2016,1037.9459228515625,40.61800003051758,95.12362886399228,61.1124789194546,33.6689613105446,,Africa,CAF,Low income
Central African Republic,2017,1055.0670166015625,40.97999954223633,95.11765305758584,60.97381917015582,33.80189793689644,,Africa,CAF,Low income
Central African Republic,2018,1073.5203857421875,41.36399841308594,95.11132091150871,60.82673733228138,33.94291564341909,,Africa,CAF,Low income
Central African Republic,2019,1095.44775390625,41.77000045776367,95.10461665404088,60.67122291925368,34.09200920231278,,Africa,CAF,Low income
Central African Republic,2020,1124.2244873046875,42.197998046875,95.0975546075332,60.50728448262215,34.24918433397156,,Africa,CAF,Low income
Central African Republic,2021,1145.6793212890625,42.64799880981445,95.09013171111016,60.33492103737525,34.41443897185931,,Africa,CAF,Low income
Central African Republic,2022,1161.754150390625,43.119998931884766,95.0823419992828,60.15412919251932,34.58777056218332,,Africa,CAF,Low income
Central African Republic,2023,1195.1217041015625,43.61399841308594,95.07419130434108,59.96491081149075,34.76918305604644,,Africa,CAF,Low income
Chad,2015,3214.951416015625,22.51500129699707,94.98171387602,80.10608181079351,15.19420297749668,,Africa,TCD,Low income
Chad,2016,3314.20654296875,22.677000045776367,94.9776646521414,80.05298819232553,15.24366225274495,,Africa,TCD,Low income
Chad,2017,3429.738525390625,22.857999801635746,94.973143981438,79.9936705505994,15.2989227741384,,Africa,TCD,Low income
Chad,2018,3553.908935546875,23.05900001525879,94.9681158752134,79.92779155488041,15.36028841059986,,Africa,TCD,Low income
Chad,2019,3674.92529296875,23.27899932861328,94.9626211430005,79.85569322636175,15.42745543436643,,Africa,TCD,Low income
Chad,2020,3801.68896484375,23.520000457763672,94.95659807846828,79.77670828809308,15.50103451529755,,Africa,TCD,Low income
Chad,2021,3955.362548828125,23.7810001373291,94.95007355934496,79.69116786583356,15.58071883516291,,Africa,TCD,Low income
Chad,2022,4113.36083984375,24.0629997253418,94.94302540325964,79.59874595778308,15.66681478930053,,Africa,TCD,Low income
Chad,2023,4362.6044921875,24.36600112915039,94.935455230665,79.49944437608649,15.75932218761126,,Africa,TCD,Low income
Comoros,2018,187.76699829101562,28.96500015258789,87.2547387862485,26.5798380384851,60.63901386697546,,Africa,COM,Lower middle income
Comoros,2019,191.7925262451172,29.16400146484375,87.259402391004,26.57447093794086,60.64914510799505,,Africa,COM,Lower middle income
Comoros,2020,195.99049377441406,29.3799991607666,87.26446613875775,26.56864593750883,60.66014297868532,,Africa,COM,Lower middle income
Comoros,2021,200.39903259277344,29.613000869750977,87.26992942930107,26.56236276849532,60.67200714907395,,Africa,COM,Lower middle income
Comoros,2022,204.84149169921875,29.864002227783203,87.27581518949292,26.55559433005678,60.68478815190947,,Africa,COM,Lower middle income
Comoros,2023,209.36599731445312,30.13199806213379,87.28209119509147,26.54836500184128,60.69842888040438,,Africa,COM,Lower middle income
Comoros,2024,213.9615478515625,30.417999267578125,87.28879785654235,26.54065276164674,60.71299226879385,,Africa,COM,Lower middle income
Costa Rica,2014,1284.3564453125,75.94100189208984,98.83485682028702,1.903701681630922,96.44647255728627,,Americas,CRI,Upper middle income
Costa Rica,2015,1291.57666015625,76.86199951171875,98.83735539225098,1.902276832288343,96.44875650342932,,Americas,CRI,Upper middle income
Costa Rica,2016,1298.06982421875,77.73500061035156,98.83971915208934,1.900926152035353,96.4509169339821,,Americas,CRI,Upper middle income
Costa Rica,2017,1303.1466064453125,78.55999755859375,98.8419600814734,1.899649870581419,96.4529655409614,,Americas,CRI,Upper middle income
Costa Rica,2018,1307.2720947265625,79.33999633789062,98.84407233528567,1.898443085907912,96.45489611896028,,Americas,CRI,Upper middle income
Costa Rica,2019,1311.0196533203125,80.07599639892578,98.8460676335768,1.897304416843479,96.45671993653674,,Americas,CRI,Upper middle income
Costa Rica,2020,1314.621826171875,80.77099609375,98.84795143177926,1.896229167390297,96.45844181453204,,Americas,CRI,Upper middle income
Costa Rica,2021,1317.6556396484375,81.42500305175781,98.84972646757492,1.895217397756007,96.46006442525373,,Americas,CRI,Upper middle income
Costa Rica,2022,1320.441162109375,82.04199981689453,98.8513965938768,1.894262779095233,96.46159085799317,,Americas,CRI,Upper middle income
Côte d'Ivoire,2012,5667.66845703125,48.172000885009766,99.0,43.61051966667593,57.53648810669896,,Africa,CIV,Lower middle income
Côte d'Ivoire,2013,5778.27685546875,48.59299850463867,99.0,43.5044597128885,57.64333227397885,,Africa,CIV,Lower middle income
Côte d'Ivoire,2014,5898.3134765625,49.01399993896485,99.0,43.39839926519755,57.75017626876123,,Africa,CIV,Lower middle income
Côte d'Ivoire,2015,6041.60400390625,49.44400024414063,99.0,43.29007046312308,57.85930200409181,,Africa,CIV,Lower middle income
Côte d'Ivoire,2016,6197.34130859375,49.88100051879883,99.0,43.17997939950213,57.97020781385681,,Africa,CIV,Lower middle income
Côte d'Ivoire,2017,6359.8291015625,50.32600021362305,99.0,43.0678724496719,58.08314170956749,,Africa,CIV,Lower middle income
Côte d'Ivoire,2018,6529.09716796875,50.77900314331055,99.0,42.95374931614441,58.1981066609512,,Africa,CIV,Lower middle income
Côte d'Ivoire,2019,6706.42138671875,51.2390022277832,99.0,42.83786391511818,58.31484749614174,,Africa,CIV,Lower middle income
Côte d'Ivoire,2020,6889.31982421875,51.705997467041016,99.0,42.72021670258886,58.43336488882403,,Africa,CIV,Lower middle income
Côte d'Ivoire,2021,7086.0009765625,52.17999649047852,99.0,42.60080438609751,58.55365924705718,,Africa,CIV,Lower middle income
Côte d'Ivoire,2022,7304.75244140625,52.66100311279297,99.0,42.47962681117867,58.67573026211136,,Africa,CIV,Lower middle income
Côte d'Ivoire,2023,7534.74267578125,53.14900207519531,99.0,42.35668763892804,58.7995782841694,,Africa,CIV,Lower middle income
Côte d'Ivoire,2024,7766.08056640625,53.64400100708008,99.0,42.23198536974837,58.92520182086972,,Africa,CIV,Lower middle income
Cuba,2015,2776.997802734375,76.89599609375,97.55796164766797,2.377348261262709,95.11222312589894,,Americas,CUB,Upper middle income
Cuba,2016,2727.72265625,76.93000030517578,97.55771964931964,2.37661727615761,95.11270471517815,,Americas,CUB,Upper middle income
Cuba,2017,2679.314208984375,76.97700500488281,97.5573927607197,2.375606826555429,95.11337804326924,,Americas,CUB,Upper middle income
Cuba,2018,2630.545166015625,77.03700256347656,97.55697982315964,2.374317101116453,95.11424176587924,,Americas,CUB,Upper middle income
Cuba,2019,2580.19140625,77.10899353027344,97.5564788290595,2.372769375593579,95.11527282363012,,Americas,CUB,Upper middle income
Cuba,2020,2529.64208984375,77.19400024414062,97.55588541235096,2.370942005140489,95.11648827358209,,Americas,CUB,Upper middle income
Cuba,2021,2476.802001953125,77.29199981689453,97.55520067918502,2.368835167339147,95.11788904510081,,Americas,CUB,Upper middle income
Cuba,2022,2420.036865234375,77.4010009765625,97.55444268808816,2.366491966701453,95.11945052479382,,Americas,CUB,Upper middle income
Cuba,2023,2367.92431640625,77.52300262451172,97.55359838204504,2.363869386927922,95.12120223549469,,Americas,CUB,Upper middle income
Democratic People's Republic of Korea,2013,6747.068359375,60.917999267578125,98.73449268723787,55.33725726187521,43.39723542536266,,South-East Asia,PRK,Low income
Democratic People's Republic of Korea,2014,6738.72314453125,61.09799575805664,98.7334109312782,55.28181653563485,43.45159439564333,,South-East Asia,PRK,Low income
Democratic People's Republic of Korea,2015,6722.36572265625,61.277000427246094,98.73233647706678,55.22668238930504,43.50565408776176,,South-East Asia,PRK,Low income
Democratic People's Republic of Korea,2016,6692.791015625,61.47099685668945,98.73117467207544,55.16693297180865,43.56424170026678,,South-East Asia,PRK,Low income
Democratic People's Republic of Korea,2017,6641.7998046875,61.67799758911133,98.7299319598686,55.10317697383364,43.62675498603497,,South-East Asia,PRK,Low income
Democratic People's Republic of Korea,2018,6578.396484375,61.89900207519531,98.72860775200787,55.0351088275412,43.69349892446668,,South-East Asia,PRK,Low income
Democratic People's Republic of Korea,2019,6511.8076171875,62.13399887084961,98.72719538910424,54.96272822768957,43.76446716141469,,South-East Asia,PRK,Low income
Democratic People's Republic of Korea,2020,6437.2392578125,62.38100051879883,98.72571589618067,54.88665343557748,43.83906246060318,,South-East Asia,PRK,Low income
Democratic People's Republic of Korea,2021,6362.7353515625,62.64200210571289,98.72414498877856,54.80626170665832,43.91788328212021,,South-East Asia,PRK,Low income
Democratic Republic of the Congo,2014,17410.634765625,42.18000030517578,94.2640027246946,60.14730772914618,34.06251642976294,,Africa,COD,Low income
Democratic Republic of the Congo,2015,17990.8125,42.73999786376953,94.28047818255024,59.90637875986152,34.32012878446782,,Africa,COD,Low income
Democratic Republic of the Congo,2016,18677.353515625,43.30699920654297,94.29715819820302,59.66243692540686,34.58096116234974,,Africa,COD,Low income
Democratic Republic of the Congo,2017,19423.259765625,43.880001068115234,94.31401762846544,59.41591520390352,34.84455506832621,,Africa,COD,Low income
Democratic Republic of the Congo,2018,20072.541015625,44.459999084472656,94.33107740485936,59.16637926797465,35.11136613633337,,Africa,COD,Low income
Democratic Republic of the Congo,2019,20675.552734375,45.045997619628906,94.34832064411844,58.91426632772056,35.38093989538137,,Africa,COD,Low income
Democratic Republic of the Congo,2020,21330.3515625,45.63800048828125,94.36574023556892,58.6595689238405,35.65327670071051,,Africa,COD,Low income
Democratic Republic of the Congo,2021,22035.076171875,46.23500061035156,94.38330377855324,58.40272042104628,35.92791041301099,,Africa,COD,Low income
Democratic Republic of the Congo,2022,22772.96875,46.83699798583984,94.4010139580546,58.14372183108428,36.20484270458292,,Africa,COD,Low income
Dominican Republic,2015,2752.2548828125,78.56600189208984,98.40426611446289,2.182017250850802,95.952720068215,,Americas,DOM,Upper middle income
Dominican Republic,2016,2777.317626953125,79.43599700927734,98.4062103953168,2.172043635462291,95.96547447476206,,Americas,DOM,Upper middle income
Dominican Republic,2017,2800.96923828125,80.2770004272461,98.40809219825678,2.162402441826076,95.97780609862235,,Americas,DOM,Upper middle income
Dominican Republic,2018,2823.322021484375,81.0739974975586,98.40987769531964,2.153265756189889,95.9894945925574,,Americas,DOM,Upper middle income
Dominican Republic,2019,2844.044189453125,81.82799530029297,98.4115638452482,2.144621936514127,96.00054953844369,,Americas,DOM,Upper middle income
Dominican Republic,2020,2866.471923828125,82.54000091552734,98.41316335013124,2.13645972555303,96.01099583058863,,Americas,DOM,Upper middle income
Dominican Republic,2021,2890.128173828125,83.21300506591797,98.41467277283584,2.128744546733103,96.02086751736002,,Americas,DOM,Upper middle income
Dominican Republic,2022,2908.8837890625,83.8479995727539,98.41609304359396,2.121464956765048,96.03017793319297,,Americas,DOM,Upper middle income
Dominican Republic,2023,2924.69384765625,84.44599914550781,98.41742687549151,2.114609428955734,96.03894228422905,,Americas,DOM,Upper middle income
Egypt,2000,18207.484375,42.797000885009766,,-,-,,Eastern Mediterranean,EGY,Lower middle income
Egypt,2001,18731.70703125,42.84299850463867,,-,-,,Eastern Mediterranean,EGY,Lower middle income
Egypt,2002,19253.205078125,42.88899993896485,,-,-,,Eastern Mediterranean,EGY,Lower middle income
Egypt,2003,19776.103515625,42.93499755859375,99.0,-,-,,Eastern Mediterranean,EGY,Lower middle income
Egypt,2004,20289.447265625,42.98099899291992,99.0,-,-,,Eastern Mediterranean,EGY,Lower middle income
Egypt,2005,20780.921875,43.027000427246094,99.0,-,-,,Eastern Mediterranean,EGY,Lower middle income
Egypt,2006,21239.3203125,43.072998046875,99.0,-,-,,Eastern Mediterranean,EGY,Lower middle income
Egypt,2007,21659.703125,43.07799911499024,99.0,-,-,,Eastern Mediterranean,EGY,Lower middle income
Egypt,2008,22051.783203125,43.05799865722656,98.98295433160617,-,-,,Eastern Mediterranean,EGY,Lower middle income
Egypt,2009,22430.30078125,43.03900146484375,98.9291698269156,-,-,,Eastern Mediterranean,EGY,Lower middle income
Egypt,2010,22799.3046875,43.01900100708008,98.87541834201002,-,-,,Eastern Mediterranean,EGY,Lower middle income
Egypt,2011,23217.21484375,43.0,98.82173454477608,-,-,,Eastern Mediterranean,EGY,Lower middle income
Egypt,2012,23669.935546875,42.94599914550781,98.7677358524941,-,-,,Eastern Mediterranean,EGY,Lower middle income
Egypt,2013,24137.701171875,42.89300155639648,98.7138859144372,-,-,,Eastern Mediterranean,EGY,Lower middle income
Egypt,2014,24601.41796875,42.8390007019043,98.66017165956109,-,-,,Eastern Mediterranean,EGY,Lower middle income
Egypt,2015,25011.279296875,42.78499984741211,98.60658872070816,-,-,,Eastern Mediterranean,EGY,Lower middle income
Egypt,2016,25428.708984375,42.73200225830078,98.55315855583775,-,-,,Eastern Mediterranean,EGY,Lower middle income
Egypt,2017,25865.607421875,42.70499801635742,98.55302013309472,-,-,,Eastern Mediterranean,EGY,Lower middle income
Egypt,2018,26325.224609375,42.70400238037109,98.55301687943384,-,-,,Eastern Mediterranean,EGY,Lower middle income
Egypt,2019,26807.3125,42.72999954223633,98.55314583688369,-,-,,Eastern Mediterranean,EGY,Lower middle income
Egypt,2020,27289.7265625,42.78300094604492,98.5534179147348,-,-,,Eastern Mediterranean,EGY,Lower middle income
Eswatini,2018,311.56451416015625,23.798999786376957,97.24045989650396,2.975542794665803,94.06141350991177,,Africa,SWZ,Lower middle income
Eswatini,2019,314.1325378417969,23.981000900268555,97.23879465559058,2.973147978676582,94.06196633053155,,Africa,SWZ,Lower middle income
Eswatini,2020,318.3714599609375,24.17100143432617,97.2370566405928,2.970647910217532,94.06254385931754,,Africa,SWZ,Lower middle income
Eswatini,2021,323.91705322265625,24.36899948120117,97.23524823508366,2.968042674421199,94.0631483906597,,Africa,SWZ,Lower middle income
Eswatini,2022,328.7444763183594,24.576000213623047,97.23335685882635,2.965318978222894,94.06377967109857,,Africa,SWZ,Lower middle income
Eswatini,2023,332.7879943847656,24.78999900817871,97.23140025478418,2.962503149621913,94.06443106130037,,Africa,SWZ,Lower middle income
Eswatini,2024,337.05194091796875,25.01300048828125,97.22936537748488,2.959569004365119,94.06511374451317,,Africa,SWZ,Lower middle income
Ethiopia,2013,22938.056640625,18.57499885559082,81.15573901754762,49.62747007032362,31.5525282426383,,Africa,ETH,Low income
Ethiopia,2014,23785.490234375,18.99799919128418,81.23396690619603,49.50135176640607,31.75767077443775,,Africa,ETH,Low income
Ethiopia,2015,24653.150390625,19.42799949645996,81.31349082840998,49.37314737677664,31.96620860382827,,Africa,ETH,Low income
Ethiopia,2016,25546.353515625,19.86599922180176,81.39449290087563,49.24255630922278,32.17862632464691,,Africa,ETH,Low income
Ethiopia,2017,26463.69921875,20.309999465942383,81.47660343898565,49.1101765203708,32.3939525236842,,Africa,ETH,Low income
Ethiopia,2018,27376.46875,20.762998580932617,81.56037965545285,48.97511380646461,32.61364427133772,44.82933884856072,Africa,ETH,Low income
Ethiopia,2019,28291.638671875,21.224998474121094,81.64582084143437,48.83736760390378,32.83770142273136,44.99242564036116,Africa,ETH,Low income
Ethiopia,2020,29237.828125,21.69499969482422,81.73274112584254,48.69723613301571,33.06563800072729,45.15833610843253,Africa,ETH,Low income
Ethiopia,2021,30200.44921875,22.173999786376957,81.82132448209894,48.55442034880862,33.29793890740239,45.32742291741984,Africa,ETH,Low income
Ethiopia,2022,31161.494140625,22.661001205444336,,-,-,45.49933323184268,Africa,ETH,Low income
Ethiopia,2023,32128.0390625,23.157001495361328,,-,-,45.67442126649675,Africa,ETH,Low income
Ethiopia,2024,33094.73828125,23.660999298095703,,-,-,45.85233336764482,Africa,ETH,Low income
Fiji,2017,238.13746643066406,55.742000579833984,97.0762711127612,12.60600957369641,84.39086317825117,,Western Pacific,FJI,Upper middle income
Fiji,2018,237.68052673339844,56.24799728393555,97.08641035817284,12.53986657076463,84.4674544405386,,Western Pacific,FJI,Upper middle income
Fiji,2019,237.29100036621094,56.75,97.09647320683544,12.47424632406494,84.54344410680238,,Western Pacific,FJI,Upper middle income
Fiji,2020,237.8000030517578,57.24700164794922,97.10643268447592,12.40927967473752,84.61867375178421,,Western Pacific,FJI,Upper middle income
Fiji,2021,239.24301147460938,57.7400016784668,97.11631105710056,12.34483533695096,84.69329754023354,,Western Pacific,FJI,Upper middle income
Fiji,2022,241.2580108642578,58.229000091552734,97.12611050630396,12.28091476529882,84.76731619185776,,Western Pacific,FJI,Upper middle income
Fiji,2023,243.8219757080078,58.7130012512207,97.13580913889103,12.21764720341517,84.84057796644446,,Western Pacific,FJI,Upper middle income
Fiji,2024,246.22555541992188,59.19200134277344,97.145412412888,12.15503378391586,84.91308718294619,,Western Pacific,FJI,Upper middle income
Gambia,2014,510.7250061035156,58.52799987792969,98.43481957806728,61.68184903591273,36.63407487934414,,Africa,GMB,Low income
Gambia,2015,524.6069946289062,59.22799682617188,98.42468623421895,61.48587881351235,36.81916024449836,,Africa,GMB,Low income
Gambia,2016,538.6205444335938,59.917999267578125,98.4146981719979,61.29270643967645,37.0016037697299,,Africa,GMB,Low income
Gambia,2017,552.9089965820312,60.5989990234375,98.40484267475053,61.10205539190416,37.18166819456467,,Africa,GMB,Low income
Gambia,2018,567.6016235351562,61.269996643066406,98.39512979779133,60.91420343884084,37.35908688694398,,Africa,GMB,Low income
Gambia,2019,582.8944702148438,61.93100357055664,98.38556090199506,60.72914951658483,37.53386226228065,,Africa,GMB,Low income
Gambia,2020,599.4765625,62.58199691772461,98.37613935544502,60.54689848651594,37.70599283428978,,Africa,GMB,Low income
Gambia,2021,617.428466796875,63.22199630737305,98.3668746054642,60.36772467984189,37.87521478878256,,Africa,GMB,Low income
Gambia,2022,636.017578125,63.85200119018555,98.35775625548644,60.19135060268539,38.04179414417802,,Africa,GMB,Low income
Ghana,2010,6454.69091796875,50.7130012512207,98.3098197879576,16.01097500746116,81.748304231482,,Africa,GHA,Lower middle income
Ghana,2011,6605.0498046875,51.39399719238281,98.31386556446196,15.88548061737483,81.88219798504711,,Africa,GHA,Lower middle income
Ghana,2012,6750.77099609375,52.073001861572266,98.3178992501346,15.76035261417484,82.0157005503745,,Africa,GHA,Lower middle income
Ghana,2013,6899.1845703125,52.74800109863281,98.32190959123584,15.63596338323679,82.14841536978383,,Africa,GHA,Lower middle income
Ghana,2014,7051.59423828125,53.41899871826172,98.32589834398082,15.51231122468071,82.28034595842603,,Africa,GHA,Lower middle income
Ghana,2015,7210.12353515625,54.08599853515625,98.29626481209527,14.37275200882458,83.56610719032192,,Africa,GHA,Lower middle income
Ghana,2016,7378.40380859375,54.749000549316406,98.26660906199685,13.25630924570045,84.82617769610468,,Africa,GHA,Lower middle income
Ghana,2017,7551.77490234375,55.40699768066406,98.23692606746432,12.16291360618096,86.06064396341392,,Africa,GHA,Lower middle income
Ghana,2018,7721.1826171875,56.05999755859375,98.20722103006143,11.09231342445376,87.26979143068093,,Africa,GHA,Lower middle income
Ghana,2019,7887.53515625,56.70700073242188,98.17748089192511,10.04435374348553,88.45379370271394,,Africa,GHA,Lower middle income
Ghana,2020,8063.00244140625,57.349002838134766,98.14771774513616,9.018649038444192,89.61307767041576,,Africa,GHA,Lower middle income
Ghana,2021,8248.4228515625,57.98500061035156,98.11792626893086,8.015012130936732,90.747860734494,,Africa,GHA,Lower middle income
Ghana,2022,8433.3837890625,58.61499786376953,98.08809653798444,7.033138637545264,91.85847162815061,,Africa,GHA,Lower middle income
Ghana,2023,8617.1884765625,59.23799896240234,98.0582273184501,6.072757097609302,92.94522557844816,,Africa,GHA,Lower middle income
Ghana,2024,8801.912109375,59.854000091552734,98.02832945029267,5.133513896705358,94.00852714389673,,Africa,GHA,Lower middle income
Guinea-Bissau,2015,436.6519775390625,42.12299728393555,,-,-,,Africa,GNB,Low income
Guinea-Bissau,2016,449.4404602050781,42.53300094604492,,-,-,,Africa,GNB,Low income
Guinea-Bissau,2017,462.56500244140625,42.94499969482422,,-,-,,Africa,GNB,Low income
Guinea-Bissau,2018,476.0280456542969,43.36000061035156,,-,-,,Africa,GNB,Low income
Guinea-Bissau,2019,489.69744873046875,43.777000427246094,,-,-,,Africa,GNB,Low income
Guinea-Bissau,2020,503.5375061035156,44.19599914550781,,-,-,,Africa,GNB,Low income
Guinea-Bissau,2021,517.554931640625,44.617000579833984,,-,-,,Africa,GNB,Low income
Guinea-Bissau,2022,531.875,45.04100036621094,,-,-,,Africa,GNB,Low income
Guinea-Bissau,2023,546.43798828125,45.46599960327149,,-,-,,Africa,GNB,Low income
Guyana,2016,204.10997009277344,26.48200035095215,96.44931846089676,1.976499625305429,94.41373076772153,,Americas,GUY,High income
Guyana,2017,204.9774932861328,26.538000106811523,96.4490062127728,1.976809414013197,94.413099453128,,Americas,GUY,High income
Guyana,2018,210.79046630859375,26.60599899291992,96.44862708582724,1.977185598717053,94.41233287524457,,Americas,GUY,High income
Guyana,2019,214.33651733398438,26.68899917602539,96.44817193729908,1.977644916430491,94.41140465305365,,Americas,GUY,High income
Guyana,2020,213.19049072265625,26.785999298095703,96.44763375664644,1.978181583187639,94.41031373318766,,Americas,GUY,High income
Guyana,2021,214.8080291748047,26.89700126647949,96.44701769622132,1.978795720688125,94.40906514265981,,Americas,GUY,High income
Guyana,2022,215.54649353027344,27.02200126647949,96.44632849567084,1.979487385644582,94.4076635627113,,Americas,GUY,High income
Guyana,2023,215.36500549316406,27.16200065612793,96.44554954913228,1.980261912028106,94.40608689375084,,Americas,GUY,High income
Guyana,2024,215.614990234375,27.316001892089844,96.44469545681348,1.981113946690857,94.40435524946376,,Americas,GUY,High income
Honduras,2015,2449.19189453125,55.16499710083008,98.13866388460224,2.930171467679473,94.89960233143749,,Americas,HND,Lower middle income
Honduras,2016,2512.919189453125,55.81300354003906,98.1396045837542,2.917301341247386,94.9149268214245,,Americas,HND,Lower middle income
Honduras,2017,2575.45556640625,56.45700073242188,98.14053573203871,2.904510610974432,94.93015302518675,,Americas,HND,Lower middle income
Honduras,2018,2636.225341796875,57.09599685668945,98.14145886806304,2.891819271560764,94.94526013613076,,Americas,HND,Lower middle income
Honduras,2019,2695.108642578125,57.72999954223633,98.14237583104116,2.879227046773749,94.96025030285182,,Americas,HND,Lower middle income
Honduras,2020,2751.97509765625,58.3589973449707,98.1432854337252,2.866734350151294,94.97512187550741,,Americas,HND,Lower middle income
Honduras,2021,2806.186767578125,58.98200225830078,98.14419087907324,2.854360777179908,94.98985615861433,,Americas,HND,Lower middle income
Honduras,2022,2858.712890625,59.60000228881836,98.14508721976112,2.842086535390346,95.00447032280077,,Americas,HND,Lower middle income
Honduras,2023,2910.433349609375,60.21199798583984,98.14597378491784,2.82993145953411,95.01894152994848,,Americas,HND,Lower middle income
India,2010,316392.03125,30.93000030517578,98.67687849435218,-,-,,South-East Asia,IND,Lower middle income
India,2011,321818.03125,31.275999069213867,98.67999560445386,-,-,,South-East Asia,IND,Lower middle income
India,2012,327142.6875,31.63400077819824,98.68321805438606,-,-,,South-East Asia,IND,Lower middle income
India,2013,332425.28125,32.00300216674805,98.68653527509647,-,-,,South-East Asia,IND,Lower middle income
India,2014,337659.0,32.38399887084961,98.6899664929972,-,-,,South-East Asia,IND,Lower middle income
India,2015,342820.1875,32.777000427246094,98.7561958130327,-,-,,South-East Asia,IND,Lower middle income
India,2016,348114.53125,33.18199920654297,98.8218384598583,-,-,,South-East Asia,IND,Lower middle income
India,2017,353431.5,33.599998474121094,98.88686989234957,-,-,,South-East Asia,IND,Lower middle income
India,2018,358402.875,34.029998779296875,98.951255477945,-,-,,South-East Asia,IND,Lower middle income
India,2019,363011.65625,34.47200012207031,99.0,-,-,,South-East Asia,IND,Lower middle income
India,2020,367493.375,34.92599868774414,99.0,-,-,,South-East Asia,IND,Lower middle income
India,2021,371713.65625,35.39299774169922,99.0,-,-,,South-East Asia,IND,Lower middle income
India,2022,375393.90625,35.87200164794922,99.0,-,-,,South-East Asia,IND,Lower middle income
India,2023,378814.84375,36.3640022277832,99.0,-,-,,South-East Asia,IND,Lower middle income
India,2024,382225.1875,36.86699676513672,99.0,-,-,,South-East Asia,IND,Lower middle income
Indonesia,2012,68179.7734375,51.275997161865234,98.10628951888296,13.0035514956273,85.09667880729153,,Western Pacific,IDN,Upper middle income
Indonesia,2013,68774.4375,51.95500183105469,98.12338372128876,12.94531500769275,85.1724968187721,,Western Pacific,IDN,Upper middle income
Indonesia,2014,69301.171875,52.63500213623047,98.1405038783442,12.88699319020271,85.2484268294081,,Western Pacific,IDN,Upper middle income
Indonesia,2015,69759.28125,53.3129997253418,98.15757506102032,12.82884341049045,85.3241343898166,,Western Pacific,IDN,Upper middle income
Indonesia,2016,70167.1171875,53.98899841308594,98.17459351387429,12.77086467858551,85.39961673873024,,Western Pacific,IDN,Upper middle income
Indonesia,2017,70541.296875,54.65899658203125,98.19146357600764,12.7134008155656,85.47443152239278,,Western Pacific,IDN,Upper middle income
Indonesia,2018,70889.1328125,55.32500076293945,98.20823204842984,12.6562794966785,85.54879930476157,,Western Pacific,IDN,Upper middle income
Indonesia,2019,71221.609375,55.9849967956543,98.22485089934054,12.59967367800122,85.62249765342662,,Western Pacific,IDN,Upper middle income
Indonesia,2020,71565.71875,56.64099884033203,98.24136753809712,12.54341002590432,85.69574875832755,,Western Pacific,IDN,Upper middle income
Iraq,2014,9055.8720703125,69.75799560546875,95.88499239837468,11.19373891698283,84.68163275029112,,Eastern Mediterranean,IRQ,Upper middle income
Iraq,2015,9304.25390625,69.9209976196289,95.88485530994176,11.17912158937077,84.69612560580435,,Eastern Mediterranean,IRQ,Upper middle income
Iraq,2016,9539.166015625,70.09400177001953,95.88471045880436,11.16360743452352,84.71150829990746,,Eastern Mediterranean,IRQ,Upper middle income
Iraq,2017,9773.0224609375,70.27799987792969,95.88455832025429,11.14710711924105,84.72787071819698,,Eastern Mediterranean,IRQ,Upper middle income
Iraq,2018,10023.123046875,70.4729995727539,95.88439443323752,11.12962044829359,84.74520859501536,,Eastern Mediterranean,IRQ,Upper middle income
Iraq,2019,10273.5654296875,70.6780014038086,95.88422310781168,11.11123667174271,84.76343691332762,,Eastern Mediterranean,IRQ,Upper middle income
Iraq,2020,10528.7353515625,70.89300537109375,95.8840428136275,11.09195624780219,84.78255368417459,,Eastern Mediterranean,IRQ,Upper middle income
Iraq,2021,10796.9375,71.1189956665039,95.88385745460783,11.07169005860892,84.80265200626258,,Eastern Mediterranean,IRQ,Upper middle income
Iraq,2022,11078.5595703125,71.35400390625,95.88365888043371,11.05061562229947,84.82354605791454,,Eastern Mediterranean,IRQ,Upper middle income
Ireland,2018,1183.3126220703125,63.16999816894531,,5,93,91.0,Europe,IRL,High income
Ireland,2019,1194.6485595703125,63.40500259399414,,5,93,91.0,Europe,IRL,High income
Ireland,2020,1201.3494873046875,63.65299987792969,,5,93,91.0,Europe,IRL,High income
Ireland,2021,1206.948974609375,63.9119987487793,,5,93,91.0,Europe,IRL,High income
Ireland,2022,1221.2908935546875,64.1830062866211,,5,93,91.0,Europe,IRL,High income
Ireland,2023,1235.926513671875,64.46600341796875,,5,93,91.0,Europe,IRL,High income
Ireland,2024,1245.9193115234375,64.76000213623047,,5,93,91.0,Europe,IRL,High income
Italy,2020,12191.0263671875,71.03899383544922,,-,-,57.0,Europe,ITA,High income
Italy,2021,12023.4140625,71.34600067138672,,-,-,57.0,Europe,ITA,High income
Italy,2022,11889.8857421875,71.6570053100586,,-,-,57.0,Europe,ITA,High income
Italy,2023,11763.9521484375,71.9729995727539,,-,-,57.0,Europe,ITA,High income
Italy,2024,11610.3115234375,72.29199981689453,,-,-,57.0,Europe,ITA,High income
Jordan,2000,1275.5894775390625,78.2699966430664,99.0,-,-,,Eastern Mediterranean,JOR,Lower middle income
Jordan,2001,1309.4378662109375,78.28299713134766,99.0,-,-,,Eastern Mediterranean,JOR,Lower middle income
Jordan,2002,1344.970947265625,78.2959976196289,99.0,-,-,,Eastern Mediterranean,JOR,Lower middle income
Jordan,2003,1382.490478515625,78.30799865722656,99.0,-,-,,Eastern Mediterranean,JOR,Lower middle income
Jordan,2004,1423.9154052734375,78.32099914550781,99.0,-,-,,Eastern Mediterranean,JOR,Lower middle income
Jordan,2005,1467.3565673828125,79.48500061035156,99.0,-,-,,Eastern Mediterranean,JOR,Lower middle income
Jordan,2006,1573.53369140625,80.97000122070312,99.0,-,-,,Eastern Mediterranean,JOR,Lower middle income
Jordan,2007,1682.074951171875,82.37100219726562,99.0,-,-,,Eastern Mediterranean,JOR,Lower middle income
Jordan,2008,1732.39599609375,83.69200134277344,99.0,-,-,,Eastern Mediterranean,JOR,Lower middle income
Jordan,2009,1779.83837890625,84.9280014038086,99.0,-,-,,Eastern Mediterranean,JOR,Lower middle income
Jordan,2010,1828.1739501953125,86.08800506591797,99.0,-,-,,Eastern Mediterranean,JOR,Lower middle income
Jordan,2011,1882.68115234375,87.17200469970703,99.0,-,-,,Eastern Mediterranean,JOR,Lower middle income
Jordan,2012,1915.986328125,88.18499755859375,99.0,-,-,,Eastern Mediterranean,JOR,Lower middle income
Jordan,2013,2020.1961669921875,89.125,99.0,-,-,,Eastern Mediterranean,JOR,Lower middle income
Jordan,2014,2219.077880859375,90.0,99.0,4.105617914269065,96.26780054941821,,Eastern Mediterranean,JOR,Lower middle income
Jordan,2015,2408.64990234375,90.25599670410156,99.0,4.103822165531945,96.26958361428193,,Eastern Mediterranean,JOR,Lower middle income
Jordan,2016,2527.899169921875,90.50599670410156,99.0,4.102068470378263,96.2713237216793,,Eastern Mediterranean,JOR,Lower middle income
Jordan,2017,2586.592529296875,90.74700164794922,99.0,4.100377959997448,96.27300238318247,,Eastern Mediterranean,JOR,Lower middle income
Jordan,2018,2646.6767578125,90.97899627685548,99.0,4.098750440732928,96.27461505417284,,Eastern Mediterranean,JOR,Lower middle income
Jordan,2019,2703.34912109375,91.20299530029295,99.0,4.097179367392489,96.27617988464806,,Eastern Mediterranean,JOR,Lower middle income
Jordan,2020,2756.9326171875,91.41799926757812,99.0,4.095670857548926,96.27766846163263,,Eastern Mediterranean,JOR,Lower middle income
Jordan,2021,2814.900634765625,91.6259994506836,99.0,4.094211849133585,96.27911832072407,,Eastern Mediterranean,JOR,Lower middle income
Jordan,2022,2874.0478515625,91.82699584960938,99.0,4.092801814402892,96.28051562602268,,Eastern Mediterranean,JOR,Lower middle income
Jordan,2023,2934.56103515625,92.0199966430664,99.0,-,-,,Eastern Mediterranean,JOR,Lower middle income
Jordan,2024,2972.51953125,92.20600128173828,99.0,-,-,,Eastern Mediterranean,JOR,Lower middle income
Kenya,2000,7206.84375,19.892000198364254,,-,-,,Africa,KEN,Lower middle income
Kenya,2001,7507.10986328125,20.23900032043457,,-,-,,Africa,KEN,Lower middle income
Kenya,2002,7814.04345703125,20.590999603271484,,-,-,,Africa,KEN,Lower middle income
Kenya,2003,8117.9287109375,20.947999954223636,,-,-,,Africa,KEN,Lower middle income
Kenya,2004,8428.6142578125,21.309999465942383,,-,-,,Africa,KEN,Lower middle income
Kenya,2005,8736.41015625,21.674999237060547,,-,-,,Africa,KEN,Lower middle income
Kenya,2006,9040.0078125,22.045000076293945,,-,-,,Africa,KEN,Lower middle income
Kenya,2007,9337.986328125,22.420000076293945,,-,-,,Africa,KEN,Lower middle income
Kenya,2008,9637.693359375,22.799999237060547,,-,-,,Africa,KEN,Lower middle income
Kenya,2009,9942.9814453125,23.183000564575195,,-,-,,Africa,KEN,Lower middle income
Kenya,2010,10241.0029296875,23.57099914550781,99.0,15.9012569362633,82.98243044002433,,Africa,KEN,Lower middle income
Kenya,2011,10530.291015625,23.9689998626709,99.0,15.84779981200498,83.03733229754106,,Africa,KEN,Lower middle income
Kenya,2012,10819.2490234375,24.376001358032227,99.0,15.79313384721609,83.09347629288163,,Africa,KEN,Lower middle income
Kenya,2013,11112.7705078125,24.79400062561035,99.0,15.73699064211489,83.15113857320644,,Africa,KEN,Lower middle income
Kenya,2014,11404.7646484375,25.22099876403809,99.0,15.67963952897708,83.21004379307523,,Africa,KEN,Lower middle income
Kenya,2015,11692.4931640625,25.65799903869629,99.0,14.47257685543385,84.4761949119239,,Africa,KEN,Lower middle income
Kenya,2016,12005.396484375,26.104999542236328,99.0,13.27772103133622,85.7310456231443,,Africa,KEN,Lower middle income
Kenya,2017,12338.40234375,26.562000274658203,98.89714643459745,12.09552217066289,86.97415175734663,,Africa,KEN,Lower middle income
Kenya,2018,12650.896484375,27.030000686645508,98.77244579961317,10.92636370798712,88.2051797076685,,Africa,KEN,Lower middle income
Kenya,2019,12971.2529296875,27.50700187683105,98.64918127274557,9.770862575612675,89.42352559385323,,Africa,KEN,Lower middle income
Kenya,2020,13330.3818359375,27.99499893188477,98.52740802214784,8.62934035855533,90.62890536497878,,Africa,KEN,Lower middle income
Kenya,2021,13700.025390625,28.493000030517575,98.40717324467803,7.502326471785599,91.82082412965894,,Africa,KEN,Lower middle income
Kenya,2022,14084.146484375,29.001998901367188,98.28852472926296,6.390261517366139,92.9988714437521,,Africa,KEN,Lower middle income
Kenya,2023,14493.5234375,29.51999855041504,98.17147633231374,5.293641456359953,94.16255717057317,,Africa,KEN,Lower middle income
Kenya,2024,14907.7138671875,30.048999786376957,98.0561093144657,4.212910361826023,95.31149722247494,,Africa,KEN,Lower middle income
Kiribati,2015,31.406003952026367,51.61899948120117,98.05144821795422,16.98907620893061,81.01153357737647,,Western Pacific,KIR,Lower middle income
Kiribati,2016,31.73300552368164,52.45000076293945,98.05470634821576,16.88189894350579,81.12284235519603,,Western Pacific,KIR,Lower middle income
Kiribati,2017,31.99350357055664,53.262001037597656,98.05788905523438,16.77717196219299,81.23160545758708,,Western Pacific,KIR,Lower middle income
Kiribati,2018,32.2244987487793,54.05700302124024,98.0610028770744,16.67463766244193,81.3380891232053,,Western Pacific,KIR,Lower middle income
Kiribati,2019,32.47850036621094,54.834999084472656,98.06405304523246,16.57429652725584,81.44229810127084,,Western Pacific,KIR,Lower middle income
Kiribati,2020,32.871002197265625,55.593997955322266,98.06702840830178,16.47640559514227,81.54396210430916,,Western Pacific,KIR,Lower middle income
Kiribati,2021,33.374000549316406,56.33500289916992,98.0699262174176,16.38083450870969,81.64320979715771,,Western Pacific,KIR,Lower middle income
Kiribati,2022,33.88149642944336,57.05799865722656,98.07276164744816,16.28758696446543,81.74005264164163,,Western Pacific,KIR,Lower middle income
Kiribati,2023,34.4015007019043,57.762001037597656,98.07551823305236,16.19678864451533,81.83434745489858,,Western Pacific,KIR,Lower middle income
"Kosovo (under United Nations 
Security Council Resolution 1244/99)",2016,479.8475341796875,,99.0,3.31108204,95.80634404000001,,,XKX,Upper middle income
"Kosovo (under United Nations 
Security Council Resolution 1244/99)",2017,484.11907958984375,,99.0,3.293868680000001,95.82064267999999,,,XKX,Upper middle income
"Kosovo (under United Nations 
Security Council Resolution 1244/99)",2018,484.38494873046875,,99.0,3.27880699,95.83315398999999,,,XKX,Upper middle income
"Kosovo (under United Nations 
Security Council Resolution 1244/99)",2019,478.5639953613281,,99.0,3.2637453,95.8456653,,,XKX,Upper middle income
"Kosovo (under United Nations 
Security Council Resolution 1244/99)",2020,476.91253662109375,,99.0,3.24868361,95.85817660999999,,,XKX,Upper middle income
"Kosovo (under United Nations 
Security Council Resolution 1244/99)",2021,472.6985168457031,,99.0,3.23362192,95.87068792000001,,,XKX,Upper middle income
"Kosovo (under United Nations 
Security Council Resolution 1244/99)",2022,461.6315002441406,,99.0,3.21856023,95.88319923,,,XKX,Upper middle income
"Kosovo (under United Nations 
Security Council Resolution 1244/99)",2023,452.3694763183594,,99.0,3.20349854,95.89571054000001,,,XKX,Upper middle income
"Kosovo (under United Nations 
Security Council Resolution 1244/99)",2024,445.0985412597656,,99.0,3.18628518,95.91000917999999,,,XKX,Upper middle income
Kyrgyzstan,2014,1516.1883544921875,35.63500213623047,96.93459299176398,18.79168091327297,77.90751514219285,,Europe,KGZ,Lower middle income
Kyrgyzstan,2015,1516.2989501953125,35.777000427246094,96.93531602918152,18.76783265683503,77.93238542816434,,Europe,KGZ,Lower middle income
Kyrgyzstan,2016,1526.203857421875,35.944000244140625,96.9361678286656,18.73978575032215,77.96163576590507,,Europe,KGZ,Lower middle income
Kyrgyzstan,2017,1548.981201171875,36.1349983215332,96.9371404159724,18.70770775353714,77.9950885206194,,Europe,KGZ,Lower middle income
Kyrgyzstan,2018,1574.807373046875,36.35100173950195,96.9382409915288,18.67143118017804,78.03292047886214,,Europe,KGZ,Lower middle income
Kyrgyzstan,2019,1606.139404296875,36.59099960327149,96.93946663771602,18.63112440690765,78.07495823537184,,Europe,KGZ,Lower middle income
Kyrgyzstan,2020,1647.02001953125,36.85599899291992,96.94081589324746,18.5866189700584,78.12137090459115,,Europe,KGZ,Lower middle income
Kyrgyzstan,2021,1688.814697265625,37.14599990844727,96.94229092082216,18.537913256727,78.17216228234815,,Europe,KGZ,Lower middle income
Kyrgyzstan,2022,1724.6868896484375,37.46100234985352,96.94389292787476,18.48500932659652,78.22733149057414,,Europe,KGZ,Lower middle income
Lao People's Democratic Republic,2011,1669.200927734375,30.65999984741211,78.77026678917387,3.496977791905571,75.19071811172267,,Western Pacific,LAO,Lower middle income
Lao People's Democratic Republic,2012,1705.3992919921875,31.26400184631348,78.91618582968103,3.486274896912,75.34727547585103,,Western Pacific,LAO,Lower middle income
Lao People's Democratic Republic,2013,1739.2613525390625,31.87200164794922,79.06306335845075,3.475500716224286,75.50486219484426,,Western Pacific,LAO,Lower middle income
Lao People's Democratic Republic,2014,1771.3868408203125,32.48699951171875,79.21163980401823,3.464602953013555,75.66427065606354,,Western Pacific,LAO,Lower middle income
Lao People's Democratic Republic,2015,1804.935302734375,33.10799789428711,79.36166163613214,3.453598537139718,75.82523052016002,,Western Pacific,LAO,Lower middle income
Lao People's Democratic Republic,2016,1840.3658447265625,33.73600006103516,80.53294427623716,3.155201506724936,77.2773426279468,,Western Pacific,LAO,Lower middle income
Lao People's Democratic Republic,2017,1874.5281982421875,34.36800003051758,81.67292906731042,2.858116624747287,78.69707840689092,,Western Pacific,LAO,Lower middle income
Lao People's Democratic Republic,2018,1907.203125,35.003997802734375,82.78131115750591,2.562357247032589,80.08412186817078,,Western Pacific,LAO,Lower middle income
Lao People's Democratic Republic,2019,1939.280029296875,35.64500045776367,83.85792322541933,2.267923073673018,81.43830884979086,,Western Pacific,LAO,Lower middle income
Lao People's Democratic Republic,2020,1971.833984375,36.28999710083008,84.90226880744207,1.974842799449992,82.75911615261528,,Western Pacific,LAO,Lower middle income
Lao People's Democratic Republic,2021,2004.666015625,36.939002990722656,85.91405021885487,1.68312972133692,84.04623500139495,,Western Pacific,LAO,Lower middle income
Lao People's Democratic Republic,2022,2037.0982666015625,37.59199905395508,86.89294844971423,1.3927967962415,85.2993356662483,,Western Pacific,LAO,Lower middle income
Lao People's Democratic Republic,2023,2069.003173828125,38.24700164794922,87.83858897722585,1.103875077185558,86.51801204535748,,Western Pacific,LAO,Lower middle income
Lao People's Democratic Republic,2024,2100.244140625,38.90599822998047,88.75083626284209,<1,87.70214202403292,,Western Pacific,LAO,Lower middle income
Lesotho,2012,536.9761352539062,25.703998565673828,97.4592237914642,11.58151213895112,85.27441639459022,,Africa,LSO,Lower middle income
Lesotho,2013,543.7210693359375,26.10099983215332,97.46290546983688,11.53418541596405,85.32629187274718,,Africa,LSO,Lower middle income
Lesotho,2014,550.362060546875,26.50200080871582,97.4666154771582,11.48638003932801,85.37868313837109,,Africa,LSO,Lower middle income
Lesotho,2015,557.2213134765625,26.90800094604492,97.47038090328078,11.43798006601974,85.43173527668655,,Africa,LSO,Lower middle income
Lesotho,2016,564.9329223632812,27.316999435424805,97.47416567400045,11.38922185807308,85.4851715913757,,Africa,LSO,Lower middle income
Lesotho,2017,573.9415283203125,27.729999542236328,97.6986834429568,10.46592743664641,86.89133385184176,,Africa,LSO,Lower middle income
Lesotho,2018,583.7954711914062,28.152999877929688,97.92247987532672,9.550539427411039,88.28757986624487,,Africa,LSO,Lower middle income
Lesotho,2019,593.6900024414062,28.584999084472656,98.14551563226652,8.643466510831788,89.67341760437928,,Africa,LSO,Lower middle income
Lesotho,2020,604.0435180664062,29.02800178527832,98.3677836991338,7.744847474384352,91.04865141325637,,Africa,LSO,Lower middle income
Lesotho,2021,615.0514526367188,29.48000144958496,98.58923896673534,6.855167974161116,92.41271054311218,,Africa,LSO,Lower middle income
Lesotho,2022,626.2926025390625,29.94300079345703,98.80986554585084,5.974609149748446,93.7653419554796,,Africa,LSO,Lower middle income
Lesotho,2023,638.0775146484375,30.41499900817871,99.0,5.103613472371773,95.106027943928,,Africa,LSO,Lower middle income
Lesotho,2024,650.1596069335938,30.89700126647949,99.0,4.242437785519747,96.43443449364327,,Africa,LSO,Lower middle income
Madagascar,2014,5886.93798828125,34.53400039672852,94.03822868764496,71.59398335138096,22.39989068798416,,Africa,MDG,Low income
Madagascar,2015,6083.43212890625,35.19300079345703,94.0641019254612,71.45247481217767,22.56667165614658,,Africa,MDG,Low income
Madagascar,2016,6280.35791015625,35.85599899291992,94.0901269535897,71.3101024511964,22.7344645888299,,Africa,MDG,Low income
Madagascar,2017,6477.66162109375,36.52199935913086,94.11627625211656,71.16709096698311,22.90301817748458,,Africa,MDG,Low income
Madagascar,2018,6675.30615234375,37.19100189208984,94.14253624911018,71.02342992418421,23.07232929155921,,Africa,MDG,Low income
Madagascar,2019,6874.2080078125,37.86100006103516,94.16884586225694,70.87956271690246,23.24189527218681,,Africa,MDG,Low income
Madagascar,2020,7074.91015625,38.53400039672852,94.19526375154324,70.73504244286151,23.41221985914761,,Africa,MDG,Low income
Madagascar,2021,7276.95751953125,39.20700073242188,94.22168276210851,70.5905247900378,23.58254295209504,,Africa,MDG,Low income
Madagascar,2022,7481.724609375,39.88199996948242,94.24818479486504,70.44557950176767,23.75337487133286,,Africa,MDG,Low income
Malawi,2016,4232.291015625,16.506000518798828,97.32007642376632,69.07336534663162,28.24084144909386,,Africa,MWI,Low income
Malawi,2017,4385.74072265625,16.714000701904297,97.32179264272128,69.03230072179892,28.28363691527602,,Africa,MWI,Low income
Malawi,2018,4545.978515625,16.937000274658203,97.32363437658417,68.9882766651698,28.32951838230653,,Africa,MWI,Low income
Malawi,2019,4714.8408203125,17.173999786376953,97.32558598599758,68.94148417256827,28.37827914556289,,Africa,MWI,Low income
Malawi,2020,4893.47607421875,17.427000045776367,97.32766757398264,68.89153142368384,28.43033126859364,,Africa,MWI,Low income
Malawi,2021,5080.7421875,17.69499969482422,97.32988189967072,68.83862419899592,28.48547165889866,,Africa,MWI,Low income
Malawi,2022,5274.7138671875,17.979999542236328,97.33222848238988,68.78235428353547,28.54410819285525,,Africa,MWI,Low income
Malawi,2023,5473.552734375,18.279998779296875,97.33469738802118,68.72312236881508,28.60583010342567,,Africa,MWI,Low income
Malawi,2024,5675.681640625,18.59800148010254,97.33732275523025,68.66034232945732,28.67125786516387,,Africa,MWI,Low income
Mongolia,2000,684.0230102539062,57.132999420166016,,-,-,,Western Pacific,MNG,Upper middle income
Mongolia,2001,702.154541015625,58.22200012207031,,-,-,,Western Pacific,MNG,Upper middle income
Mongolia,2002,720.2828979492188,59.30400085449219,,-,-,,Western Pacific,MNG,Upper middle income
Mongolia,2003,737.7503662109375,60.37799835205078,,-,-,,Western Pacific,MNG,Upper middle income
Mongolia,2004,753.8245849609375,61.44300079345703,,-,-,,Western Pacific,MNG,Upper middle income
Mongolia,2005,767.805419921875,62.49399948120117,,-,-,,Western Pacific,MNG,Upper middle income
Mongolia,2006,779.2125854492188,63.53499984741211,,-,-,,Western Pacific,MNG,Upper middle income
Mongolia,2007,787.947998046875,64.56400299072266,,-,-,,Western Pacific,MNG,Upper middle income
Mongolia,2008,794.2224731445312,65.58100128173828,,-,-,,Western Pacific,MNG,Upper middle income
Mongolia,2009,798.3904418945312,66.57999420166016,,-,-,,Western Pacific,MNG,Upper middle income
Mongolia,2010,801.32666015625,67.56700134277344,,-,-,,Western Pacific,MNG,Upper middle income
Mongolia,2011,806.7691040039062,67.96299743652344,,-,-,,Western Pacific,MNG,Upper middle income
Mongolia,2012,814.3289794921875,68.02999877929688,,-,-,,Western Pacific,MNG,Upper middle income
Mongolia,2013,820.3379516601562,68.09700012207031,,-,-,,Western Pacific,MNG,Upper middle income
Mongolia,2014,824.4044189453125,68.16300201416016,91.34530059642402,2.62752424155972,88.5187090705813,,Western Pacific,MNG,Upper middle income
Mongolia,2015,826.3065185546875,68.22999572753906,91.34566416573946,2.625609248793892,88.5209083660943,,Western Pacific,MNG,Upper middle income
Mongolia,2016,826.0296020507812,68.2969970703125,91.34603744538528,2.623694298039651,88.52311729909297,,Western Pacific,MNG,Upper middle income
Mongolia,2017,823.85595703125,68.36299896240234,91.34639574158244,2.621807766915607,88.52528403751067,,Western Pacific,MNG,Upper middle income
Mongolia,2018,820.3735961914062,68.44499969482422,91.34684304242344,2.619463973099182,88.52797810861877,,Western Pacific,MNG,Upper middle income
Mongolia,2019,816.2156372070312,68.54299926757812,91.34738343817308,2.616662906536974,88.53120359861673,,Western Pacific,MNG,Upper middle income
Mongolia,2020,815.5849609375,68.65699768066406,91.3480084685074,2.613404487493699,88.53495215202196,97.83416676232424,Western Pacific,MNG,Upper middle income
Mongolia,2021,819.2814331054688,68.78500366210938,91.34871140488632,2.609745903822219,88.5391622057584,97.83460726639576,Western Pacific,MNG,Upper middle income
Mongolia,2022,824.6986083984375,68.93000030517578,91.349508234984,2.60560149491531,88.54393186331329,97.83510685340912,Western Pacific,MNG,Upper middle income
Mongolia,2023,832.3464965820312,69.08900451660156,,-,-,97.83565239978508,Western Pacific,MNG,Upper middle income
Mongolia,2024,842.4264526367188,69.26300048828125,,-,-,97.83624368685952,Western Pacific,MNG,Upper middle income
Montenegro,2014,152.75399780273438,65.47100067138672,97.04604490018994,4.024317182270141,92.85343646376006,,Europe,MNE,Upper middle income
Montenegro,2015,150.4505157470703,65.80599975585938,97.04536054633049,4.024130278021805,92.85457188416025,,Europe,MNE,Upper middle income
Montenegro,2016,148.0605010986328,66.14099884033203,97.0446761595667,4.023943376062581,92.85570723181804,,Europe,MNE,Upper middle income
Montenegro,2017,145.6535186767578,66.47699737548828,97.04398758136884,4.023755823514924,92.85684395331432,,Europe,MNE,Upper middle income
Montenegro,2018,143.27047729492188,66.81299591064453,97.04329808793445,4.023568235298579,92.85797977331625,,Europe,MNE,Upper middle income
Montenegro,2019,140.9730224609375,67.1500015258789,97.04261043375176,4.023380246762909,92.85912273518136,,Europe,MNE,Upper middle income
Montenegro,2020,138.86749267578125,67.48800659179688,97.04192257629064,4.023191778833418,92.86027082109439,,Europe,MNE,Upper middle income
Montenegro,2021,137.0449981689453,67.82600402832031,97.04122905652304,4.023003076759646,92.8614134818616,,Europe,MNE,Upper middle income
Montenegro,2022,138.94149780273438,68.16400146484375,97.0405398652794,4.022814553362797,92.8625602933977,,Europe,MNE,Upper middle income
Mozambique,2019,7132.115234375,36.52799987792969,97.59449268430662,36.71548241981366,63.62027057210358,,Africa,MOZ,Low income
Mozambique,2020,7364.095703125,37.07400131225586,97.58898903386704,36.61027928386562,63.72132891423604,,Africa,MOZ,Low income
Mozambique,2021,7603.57568359375,37.62800216674805,97.5834066895446,36.50353491235915,63.8238697704545,,Africa,MOZ,Low income
Mozambique,2022,7849.22021484375,38.1870002746582,97.5777649256344,36.39582433128608,63.92732959849468,,Africa,MOZ,Low income
Mozambique,2023,8108.2431640625,38.75299835205078,97.57206354150772,36.28676904520175,64.03209224075167,,Africa,MOZ,Low income
Mozambique,2024,8382.099609375,39.32600021362305,97.56628405418913,36.1763621411319,64.13814560747667,,Africa,MOZ,Low income
Nauru,2019,2.9230000972747803,100.0,90.16897,1.84332,87.71121,,Western Pacific,NRU,High income
Nauru,2020,2.924499988555908,100.0,90.16897,1.84332,87.71121,,Western Pacific,NRU,High income
Nauru,2021,2.9230000972747803,100.0,90.16897,1.84332,87.71121,,Western Pacific,NRU,High income
Nauru,2022,2.9240000247955322,100.0,90.16897,1.84332,87.71121,,Western Pacific,NRU,High income
Nauru,2023,2.920499801635742,100.0,90.16897,1.84332,87.71121,,Western Pacific,NRU,High income
Nauru,2024,2.941000461578369,100.0,90.16897,1.84332,87.71121,,Western Pacific,NRU,High income
Nepal,2008,6793.54931640625,16.10500144958496,,-,-,,South-East Asia,NPL,Lower middle income
Nepal,2009,6944.859375,16.43400001525879,,-,-,,South-East Asia,NPL,Lower middle income
Nepal,2010,7098.6630859375,16.76799964904785,,-,-,,South-East Asia,NPL,Lower middle income
Nepal,2011,7233.2509765625,17.107999801635742,,-,-,,South-East Asia,NPL,Lower middle income
Nepal,2012,7339.0283203125,17.45800018310547,,-,-,,South-East Asia,NPL,Lower middle income
Nepal,2013,7433.60693359375,17.815000534057617,93.27113137528268,47.53571604326856,49.22024963706863,,South-East Asia,NPL,Lower middle income
Nepal,2014,7533.20458984375,18.1820011138916,93.28047286817308,47.49582729744034,49.26894839900959,,South-East Asia,NPL,Lower middle income
Nepal,2015,7650.9404296875,18.55699920654297,93.29001047957414,47.45506529582901,49.31870467090703,,South-East Asia,NPL,Lower middle income
Nepal,2016,7757.6611328125,18.941999435424805,93.29980487954174,47.41321753142124,49.36978909618306,,South-East Asia,NPL,Lower middle income
Nepal,2017,7833.9169921875,19.336000442504883,93.3098294868385,47.37039222645013,49.42206827953793,,South-East Asia,NPL,Lower middle income
Nepal,2018,7908.5830078125,19.739999771118164,93.32010288779274,47.32647689281364,49.47567158475056,,South-East Asia,NPL,Lower middle income
Nepal,2019,8053.10400390625,20.152999877929688,93.33060958590592,47.28158574412186,49.53047113078058,,South-East Asia,NPL,Lower middle income
Nepal,2020,8254.1630859375,20.576000213623047,93.3413730983664,47.23560881006675,49.58659887879585,,South-East Asia,NPL,Lower middle income
Nepal,2021,8441.50390625,21.007999420166016,93.35236324866008,47.18865242455742,49.64391959111174,,South-East Asia,NPL,Lower middle income
Nepal,2022,8541.283203125,21.451000213623047,93.36363092093652,47.14049917192963,49.70269866982267,,South-East Asia,NPL,Lower middle income
Nepal,2023,8552.0087890625,21.902999877929688,93.3751335506165,47.09137068600926,49.76267512464987,,South-East Asia,NPL,Lower middle income
Nepal,2024,8563.615234375,22.36600112915039,93.3869090292912,47.04104285233794,49.82410757696939,,South-East Asia,NPL,Lower middle income
Niger,2012,3655.94287109375,16.211999893188477,84.37094183694191,66.9475637851244,17.73551390142168,,Africa,NER,Low income
Niger,2013,3800.8349609375,16.20800018310547,84.37049470825993,66.94906281005977,17.73357609761176,,Africa,NER,Low income
Niger,2014,3951.263427734375,16.2189998626709,84.37171516139888,66.94493224122014,17.73890411842779,,Africa,NER,Low income
Niger,2015,4114.07568359375,16.246999740600586,84.37482032228996,66.93441774645389,17.75246522478979,,Africa,NER,Low income
Niger,2016,4287.423828125,16.290000915527344,84.3795832833565,66.91826523206299,17.77329076020974,,Africa,NER,Low income
Niger,2017,4464.28466796875,16.350000381469727,84.38623449049649,66.89573180760604,17.80234991785044,,Africa,NER,Low income
Niger,2018,4645.9443359375,16.424999237060547,84.39454735358878,66.86756318703637,17.83867454980508,,Africa,NER,Low income
Niger,2019,4834.76123046875,16.517000198364258,84.40475046343938,66.83301554131154,17.8832329287609,,Africa,NER,Low income
Niger,2020,5032.85400390625,16.625999450683594,84.41682997619233,66.79207559125621,17.93602442644052,,Africa,NER,Low income
Nigeria,2012,39924.62890625,45.24599838256836,96.06571408033544,35.42474817184203,60.58338596455523,,Africa,NGA,Lower middle income
Nigeria,2013,41018.9140625,46.11800003051758,96.07415025091876,35.12996242814771,60.88637767008758,,Africa,NGA,Lower middle income
Nigeria,2014,42136.7421875,46.98199844360352,96.0825060880547,34.83788041525574,61.18658742540797,,Africa,NGA,Lower middle income
Nigeria,2015,43282.17578125,47.8380012512207,96.0907852348258,34.54850276735905,61.48401823668635,,Africa,NGA,Lower middle income
Nigeria,2016,44506.03515625,48.68299865722656,96.09896207069438,34.26284460203046,61.77763015554199,,Africa,NGA,Lower middle income
Nigeria,2017,45819.27734375,49.51900100708008,96.10704680910388,33.98022837774599,62.06811041588358,,Africa,NGA,Lower middle income
Nigeria,2018,47146.390625,50.34400177001953,96.11502889738496,33.7013300490714,62.3547730306332,,Africa,NGA,Lower middle income
Nigeria,2019,48479.203125,51.15699768066406,96.12289157381056,33.42649093191607,62.6372601948415,,Africa,NGA,Lower middle income
Nigeria,2020,49870.7734375,51.95800018310547,96.13064285659568,33.15570658347147,62.91558435913345,,Africa,NGA,Lower middle income
Nigeria,2021,51306.09375,52.74599838256836,96.13826365473552,32.88931780789691,63.18938590269058,,Africa,NGA,Lower middle income
Nigeria,2022,52767.984375,53.52099990844727,96.14576004136676,32.62732201116587,63.45867348538278,,Africa,NGA,Lower middle income
Nigeria,2023,54276.24609375,54.282997131347656,96.15313000263808,32.36972263502928,63.72344165597739,,Africa,NGA,Lower middle income
Nigeria,2024,55819.54296875,55.02999877929688,96.16035509755793,32.11719287263855,63.98299930532819,,Africa,NGA,Lower middle income
North Macedonia,2015,480.345947265625,57.407997131347656,98.53710020431431,<1,97.6566407949179,,Europe,MKD,Upper middle income
North Macedonia,2016,471.2539978027344,57.5629997253418,98.53809778534524,<1,97.65784416943173,,Europe,MKD,Upper middle income
North Macedonia,2017,461.92041015625,57.74800109863281,98.53928785338051,<1,97.65927986194458,,Europe,MKD,Upper middle income
North Macedonia,2018,452.1520690917969,57.9630012512207,98.54066801308554,<1,97.66094550448803,,Europe,MKD,Upper middle income
North Macedonia,2019,441.78594970703125,58.20800018310547,98.54224563275218,<1,97.6628483976736,,Europe,MKD,Upper middle income
North Macedonia,2020,431.1679992675781,58.48199844360352,98.54400978227454,<1,97.6649763216315,,Europe,MKD,Upper middle income
North Macedonia,2021,423.13897705078125,58.7859992980957,98.54596672342936,<1,97.66733688140799,,Europe,MKD,Upper middle income
North Macedonia,2022,417.83001708984375,59.11800384521485,98.54809958371357,<1,97.66991056661256,,Europe,MKD,Upper middle income
North Macedonia,2023,412.76593017578125,59.47899627685547,98.55042392592682,<1,97.6727141905979,,Europe,MKD,Upper middle income
occupied Palestinian territory*,2016,1167.41455078125,75.62799835205078,96.64217282784348,2.126473930938594,93.97030060595064,,Eastern Mediterranean,PSE,Lower middle income
occupied Palestinian territory*,2017,1194.69189453125,75.89399719238281,96.64735208177552,2.126949916368188,93.97549489016589,,Eastern Mediterranean,PSE,Lower middle income
occupied Palestinian territory*,2018,1219.362060546875,76.16400146484375,96.65261133431424,2.12743311634341,93.98076934504608,,Eastern Mediterranean,PSE,Lower middle income
occupied Palestinian territory*,2019,1244.7728271484375,76.44000244140625,96.65798543778052,2.127926998548539,93.98615903972977,,Eastern Mediterranean,PSE,Lower middle income
occupied Palestinian territory*,2020,1273.7227783203125,76.718994140625,96.66342363956292,2.128426376394386,93.99161284604766,,Eastern Mediterranean,PSE,Lower middle income
occupied Palestinian territory*,2021,1305.8800048828125,77.00300598144531,96.66895411216927,2.128934599331995,93.99715935056619,,Eastern Mediterranean,PSE,Lower middle income
occupied Palestinian territory*,2022,1340.0804443359375,77.29100036621094,96.67456085197657,2.12944993032756,94.00278238684956,,Eastern Mediterranean,PSE,Lower middle income
occupied Palestinian territory*,2023,1370.5699462890625,77.58200073242188,96.68023370200764,2.129970811340838,94.00847149546908,,Eastern Mediterranean,PSE,Lower middle income
occupied Palestinian territory*,2024,1398.9569091796875,77.87700653076172,96.68598138819551,2.130498777501442,94.01423574812223,,Eastern Mediterranean,PSE,Lower middle income
Pakistan,2016,52670.2578125,36.23400115966797,85.85806129408478,49.75319958574649,35.90486170998498,,Eastern Mediterranean,PAK,Lower middle income
Pakistan,2017,53403.1328125,36.44200134277344,85.86700667895151,49.71160036203415,35.95540631534978,,Eastern Mediterranean,PAK,Lower middle income
Pakistan,2018,54344.125,36.66600036621094,85.87663753581232,49.66679943788295,36.00983809914121,,Eastern Mediterranean,PAK,Lower middle income
Pakistan,2019,55361.13671875,36.90699768066406,85.88700364258546,49.61860181597473,36.06840182032826,,Eastern Mediterranean,PAK,Lower middle income
Pakistan,2020,56528.63671875,37.165000915527344,85.89809362389799,49.56699911471083,36.13109451243183,,Eastern Mediterranean,PAK,Lower middle income
Pakistan,2021,57901.03125,37.43999862670898,85.9099184703763,49.51199937891111,36.19791909491018,,Eastern Mediterranean,PAK,Lower middle income
Pakistan,2022,59266.47265625,37.73099899291992,85.92243476502262,49.45380077427117,36.26863398675064,,Eastern Mediterranean,PAK,Lower middle income
Pakistan,2023,60550.75,38.040000915527344,85.93571906012254,49.39199926828601,36.34371979410919,,Eastern Mediterranean,PAK,Lower middle income
Pakistan,2024,61877.2109375,38.3650016784668,85.94969500888496,49.32700007038071,36.42269493845453,,Eastern Mediterranean,PAK,Lower middle income
Philippines,2018,28635.4765625,46.90699768066406,97.92076232787808,5.300435949552758,94.5212320046177,,Western Pacific,PHL,Lower middle income
Philippines,2019,29097.54296875,47.14899826049805,97.92606039128364,5.29429535865731,94.53060173568825,,Western Pacific,PHL,Lower middle income
Philippines,2020,29568.755859375,47.40800094604492,97.93172571201644,5.287723230065381,94.54062485992586,,Western Pacific,PHL,Lower middle income
Philippines,2021,30037.15625,47.68399810791016,97.93776686839315,5.280719964802118,94.55130969975549,,Western Pacific,PHL,Lower middle income
Philippines,2022,30479.751953125,47.97700119018555,97.94418107229689,5.273285287757764,94.56265364608235,,Western Pacific,PHL,Lower middle income
Philippines,2023,30933.080078125,48.28700256347656,97.9509636227095,5.26541906430032,94.57465208175181,,Western Pacific,PHL,Lower middle income
Philippines,2024,31409.26171875,48.6140022277832,97.95811763998717,5.257121502551875,94.58730799282395,,Western Pacific,PHL,Lower middle income
Samoa,2016,46.560997009277344,18.68099975585937,91.73555500194672,17.79157552800687,73.88898442386848,,Western Pacific,WSM,Lower middle income
Samoa,2017,46.88300323486328,18.45199966430664,91.73131453929966,17.77380895279191,73.90282980828142,,Western Pacific,WSM,Lower middle income
Samoa,2018,47.29749298095703,18.243000030517575,91.7274425020764,17.75759366100231,73.91546445202782,,Western Pacific,WSM,Lower middle income
Samoa,2019,47.62699890136719,18.05599975585937,91.72398379533983,17.74308635048162,73.92677376911826,,Western Pacific,WSM,Lower middle income
Samoa,2020,47.87800216674805,17.888999938964844,91.72089024558376,17.7301297280156,73.93686967370878,,Western Pacific,WSM,Lower middle income
Samoa,2021,47.93100357055664,17.742000579833984,91.71816609159796,17.71872472621585,73.94575546737053,,Western Pacific,WSM,Lower middle income
Samoa,2022,47.84600067138672,17.615999221801758,91.715832125534,17.70894893549323,73.95337296439432,,Western Pacific,WSM,Lower middle income
Samoa,2023,47.90100860595703,17.507999420166016,91.71383398673554,17.70057029043133,73.95990404295067,,Western Pacific,WSM,Lower middle income
Samoa,2024,48.24549865722656,17.420000076293945,91.71220077333344,17.69374228672549,73.96522152429381,,Western Pacific,WSM,Lower middle income
Sao Tome and Principe,2000,34.35399627685547,53.42399978637695,,-,-,,Africa,STP,Lower middle income
Sao Tome and Principe,2001,35.27099609375,54.37700271606445,,-,-,,Africa,STP,Lower middle income
Sao Tome and Principe,2002,36.26549530029297,55.55499649047852,,-,-,,Africa,STP,Lower middle income
Sao Tome and Principe,2003,37.27700424194336,56.76599884033203,,-,-,,Africa,STP,Lower middle income
Sao Tome and Principe,2004,38.25450134277344,57.97200012207031,,-,-,,Africa,STP,Lower middle income
Sao Tome and Principe,2005,39.217506408691406,59.165000915527344,,-,-,,Africa,STP,Lower middle income
Sao Tome and Principe,2006,40.16750717163086,60.34799957275391,,-,-,,Africa,STP,Lower middle income
Sao Tome and Principe,2007,41.08750534057617,61.519996643066406,,-,-,,Africa,STP,Lower middle income
Sao Tome and Principe,2008,41.974002838134766,62.68000030517578,,-,-,,Africa,STP,Lower middle income
Sao Tome and Principe,2009,42.836509704589844,63.823001861572266,,-,-,,Africa,STP,Lower middle income
Sao Tome and Principe,2010,43.70100021362305,64.95199584960938,,-,-,,Africa,STP,Lower middle income
Sao Tome and Principe,2011,44.58200454711914,66.06400299072266,,-,-,,Africa,STP,Lower middle income
Sao Tome and Principe,2012,45.32500076293945,67.15999603271484,,-,-,,Africa,STP,Lower middle income
Sao Tome and Principe,2013,45.93750762939453,68.20800018310547,,-,-,,Africa,STP,Lower middle income
Sao Tome and Principe,2014,46.601497650146484,69.21300506591797,,-,-,,Africa,STP,Lower middle income
Sao Tome and Principe,2015,47.36100387573242,70.17400360107422,99.0,96.68050095376246,2.717593884479625,,Africa,STP,Lower middle income
Sao Tome and Principe,2016,48.23550033569336,71.09199523925781,99.0,96.68914513973763,2.705384850043247,,Africa,STP,Lower middle income
Sao Tome and Principe,2017,49.20249557495117,71.96800231933594,99.0,96.69740074039717,2.693734483198284,,Africa,STP,Lower middle income
Sao Tome and Principe,2018,50.226505279541016,72.8030014038086,99.0,96.70526160070473,2.682629200225921,,Africa,STP,Lower middle income
Sao Tome and Principe,2019,51.3029899597168,73.5979995727539,99.0,96.71275223452942,2.672056128439039,,Africa,STP,Lower middle income
Sao Tome and Principe,2020,52.764495849609375,74.35399627685547,99.0,96.71986922924786,2.662001526904884,,Africa,STP,Lower middle income
Sao Tome and Principe,2021,54.4630126953125,75.072998046875,99.0,96.72664525568236,2.6524392278855,,Africa,STP,Lower middle income
Sao Tome and Principe,2022,56.08900833129883,75.75499725341797,99.0,96.73306321517167,2.643368715211539,,Africa,STP,Lower middle income
Sao Tome and Principe,2023,57.7449951171875,76.4010009765625,99.0,96.73915194768622,2.63477727419132,,Africa,STP,Lower middle income
Sao Tome and Principe,2024,59.3594970703125,77.01399993896484,,-,-,,Africa,STP,Lower middle income
Senegal,2019,3969.69384765625,47.65299987792969,98.53477597443931,16.2507071143067,83.9375543920301,,Africa,SEN,Lower middle income
Senegal,2020,4102.8857421875,48.12200164794922,98.54042563183164,16.20564337457948,83.9822028236137,,Africa,SEN,Lower middle income
Senegal,2021,4238.95263671875,48.59999847412109,98.5461841770152,16.15971501415067,84.02770839492118,,Africa,SEN,Lower middle income
Senegal,2022,4377.87353515625,49.08599853515625,98.5520357054404,16.11301806306559,84.0739721162027,,Africa,SEN,Lower middle income
Senegal,2023,4513.794921875,49.57900238037109,98.5579738813516,16.06564811912371,84.120904890089,,Africa,SEN,Lower middle income
Senegal,2024,4646.1875,50.08000183105469,98.56401583279508,16.01751102019828,84.16860530557003,,Africa,SEN,Lower middle income
Serbia,2000,1940.2420654296875,52.76900100708008,,-,-,,Europe,SRB,Upper middle income
Serbia,2001,1923.0401611328125,52.99199676513672,,-,-,,Europe,SRB,Upper middle income
Serbia,2002,1902.8040771484375,53.21499633789063,,-,-,,Europe,SRB,Upper middle income
Serbia,2003,1879.2945556640625,53.4370002746582,,-,-,,Europe,SRB,Upper middle income
Serbia,2004,1854.3779296875,53.6609992980957,,-,-,,Europe,SRB,Upper middle income
Serbia,2005,1829.3603515625,53.882999420166016,,-,-,,Europe,SRB,Upper middle income
Serbia,2006,1805.691650390625,54.1050033569336,,-,-,,Europe,SRB,Upper middle income
Serbia,2007,1784.4638671875,54.32799911499024,,-,-,,Europe,SRB,Upper middle income
Serbia,2008,1765.4652099609375,54.54999923706055,,-,-,,Europe,SRB,Upper middle income
Serbia,2009,1746.770751953125,54.772003173828125,,-,-,,Europe,SRB,Upper middle income
Serbia,2010,1727.3980712890625,54.99299621582031,,-,-,,Europe,SRB,Upper middle income
Serbia,2011,1707.54296875,55.21500015258789,,-,-,,Europe,SRB,Upper middle income
Serbia,2012,1685.427490234375,55.35600280761719,,-,-,,Europe,SRB,Upper middle income
Serbia,2013,1661.70068359375,55.46900177001953,,-,-,,Europe,SRB,Upper middle income
Serbia,2014,1638.56298828125,55.58300018310547,,-,-,,Europe,SRB,Upper middle income
Serbia,2015,1615.75244140625,55.69599914550781,98.29349266019422,<1,97.78924386078509,,Europe,SRB,Upper middle income
Serbia,2016,1594.1297607421875,55.80999755859375,98.29401347670662,<1,97.78966282255648,,Europe,SRB,Upper middle income
Serbia,2017,1573.9656982421875,55.94199752807617,98.29461628166328,<1,97.79014769380197,,Europe,SRB,Upper middle income
Serbia,2018,1554.0474853515625,56.09199905395508,98.29529622040673,<1,97.79069364205849,,Europe,SRB,Upper middle income
Serbia,2019,1534.273681640625,56.26000213623047,98.29606260448205,<1,97.79130993096568,,Europe,SRB,Upper middle income
Serbia,2020,1514.4683837890625,56.44599914550781,98.2969131109332,<1,97.79199425650286,,Europe,SRB,Upper middle income
Serbia,2021,1493.8046875,56.6510009765625,98.29784660365684,<1,97.79274460283753,,Europe,SRB,Upper middle income
Serbia,2022,1479.243408203125,56.87300109863281,98.29885810765568,<1,97.79355777828054,,Europe,SRB,Upper middle income
Serbia,2023,1468.041015625,57.11299896240234,98.29995282465546,<1,97.79443807679904,,Europe,SRB,Upper middle income
Serbia,2024,1450.7769775390625,57.371002197265625,,-,-,,Europe,SRB,Upper middle income
Sierra Leone,2013,1594.154541015625,40.0359992980957,97.10018035864032,71.76549296172404,25.2346873965381,,Africa,SLE,Low income
Sierra Leone,2014,1641.594482421875,40.43199920654297,97.10216013954596,71.60590396914131,25.39625617026266,,Africa,SLE,Low income
Sierra Leone,2015,1690.2235107421875,40.82899856567383,97.10414539576529,71.44591397986973,25.55823141547926,,Africa,SLE,Low income
Sierra Leone,2016,1741.205078125,41.22800064086914,97.10613839226856,71.28511498848708,25.72102340543497,,Africa,SLE,Low income
Sierra Leone,2017,1794.3743896484375,41.6359977722168,97.10817773577436,71.12069053932791,25.88748719877559,,Africa,SLE,Low income
Sierra Leone,2018,1848.6370849609375,42.05500030517578,97.11027483773508,70.95183582699663,26.05843901089357,,Africa,SLE,Low income
Sierra Leone,2019,1903.30908203125,42.48400115966797,97.11241958869932,70.77894723465309,26.23347235447567,,Africa,SLE,Low income
Sierra Leone,2020,1958.9710693359375,42.92300033569336,97.114613308265,70.60202893640124,26.41258437361632,,Africa,SLE,Low income
Sierra Leone,2021,2016.139892578125,43.37199783325195,97.11686353000086,70.42108724219085,26.59577628416656,,Africa,SLE,Low income
Suriname,2014,145.60301208496094,66.08899688720703,92.32486601068804,3.712765850815641,88.49089482218962,,Americas,SUR,Upper middle income
Suriname,2015,147.06698608398438,66.05599975585938,92.32223953617896,3.713648128559335,88.48732902490325,,Americas,SUR,Upper middle income
Suriname,2016,148.61849975585938,66.04000091552734,92.32096659290994,3.714076089839327,88.48560045107972,,Americas,SUR,Upper middle income
Suriname,2017,150.2209930419922,66.04100036621094,92.32104778950053,3.714049338821093,88.48571013011144,,Americas,SUR,Upper middle income
Suriname,2018,151.7484893798828,66.05999755859375,92.32256065903614,3.713541248010885,88.48776394222483,,Americas,SUR,Upper middle income
Suriname,2019,153.3275146484375,66.09500122070312,92.32534449897422,3.712605384022319,88.49154415340718,,Americas,SUR,Upper middle income
Suriname,2020,154.8975067138672,66.14900207519531,92.32964418435212,3.711161489418367,88.49738109214758,,Americas,SUR,Upper middle income
Suriname,2021,156.2580108642578,66.21900177001953,92.33521207754872,3.709289726745194,88.50494176489858,,Americas,SUR,Upper middle income
Suriname,2022,157.4954833984375,66.30699920654297,92.3422165623494,3.706936783462874,88.51445132611477,,Americas,SUR,Upper middle income
Togo,2013,1748.5018310546875,39.06100082397461,96.28064996708436,61.3729050684643,34.87373760162706,,Africa,TGO,Low income
Togo,2014,1791.691162109375,39.57900238037109,96.28774107408388,61.18174197430147,35.07170566059141,,Africa,TGO,Low income
Togo,2015,1836.2908935546875,40.09999847412109,96.29488024822054,60.98947703445646,35.27082197389027,,Africa,TGO,Low income
Togo,2016,1882.2783203125,40.62800216674805,96.30210763919511,60.7946218367934,35.47261289466962,,Africa,TGO,Low income
Togo,2017,1929.6580810546875,41.1619987487793,96.3094240549988,60.59755906741155,35.67669709848263,,Africa,TGO,Low income
Togo,2018,1978.249755859375,41.70199966430664,96.3168180441974,60.39827874736628,35.88307311300073,,Africa,TGO,Low income
Togo,2019,2027.667724609375,42.24799728393555,96.32429538947522,60.19678431434877,36.09174328081461,,Africa,TGO,Low income
Togo,2020,2078.799072265625,42.79999923706055,96.33185017656211,59.99307130879713,36.30270614830536,,Africa,TGO,Low income
Togo,2021,2132.486572265625,43.358001708984375,96.33949080536252,59.78714758647222,36.51596226027532,,Africa,TGO,Low income
Tonga,2015,26.063499450683594,23.274999618530277,94.2121070949548,<1,92.95523359584463,,Western Pacific,TON,Upper middle income
Tonga,2016,26.00299644470215,23.222000122070312,94.2144145833294,<1,92.9575918399783,,Western Pacific,TON,Upper middle income
Tonga,2017,26.044004440307617,23.16900062561035,94.21672184885064,<1,92.95994986046728,,Western Pacific,TON,Upper middle income
Tonga,2018,26.228004455566406,23.130998611450195,94.21838071878769,<1,92.96164506109757,,Western Pacific,TON,Upper middle income
Tonga,2019,26.40199851989746,23.10700035095215,94.21942541879808,<1,92.96271274818595,,Western Pacific,TON,Upper middle income
Tonga,2020,26.583498001098633,23.0989990234375,94.21977540147267,<1,92.9630703688942,,Western Pacific,TON,Upper middle income
Tonga,2021,26.675498962402344,23.10400009155273,94.21955526924586,<1,92.96284547980194,,Western Pacific,TON,Upper middle income
Tonga,2022,26.678998947143555,23.125,94.21863897064712,<1,92.96190909805512,,Western Pacific,TON,Upper middle income
Tonga,2023,26.675994873046875,23.15999984741211,94.2171165969121,<1,92.9603531894268,,Western Pacific,TON,Upper middle income
Trinidad and Tobago,2018,385.3980712890625,53.18400192260742,98.04403982855769,1.529148889508092,96.32498914190887,,Americas,TTO,High income
Trinidad and Tobago,2019,386.991943359375,53.1870002746582,98.04403567772812,1.529139342767401,96.32499781656234,,Americas,TTO,High income
Trinidad and Tobago,2020,383.6360168457031,53.2140007019043,98.044012588235,1.5290536042928,96.3250899605038,,Americas,TTO,High income
Trinidad and Tobago,2021,383.6174621582031,53.26499938964844,98.04396792655878,1.528891648693229,96.325262965296,,Americas,TTO,High income
Trinidad and Tobago,2022,383.9610290527344,53.34000015258789,98.04390556508248,1.528653520558533,96.32552065668379,,Americas,TTO,High income
Trinidad and Tobago,2023,383.6235046386719,53.438995361328125,98.04381883529042,1.528339127151037,96.3258564679187,,Americas,TTO,High income
Trinidad and Tobago,2024,382.85595703125,53.56199645996094,98.04371060533168,1.527948503599524,96.3262732297785,,Americas,TTO,High income
Tunisia,2012,3089.61962890625,67.21800231933594,98.04031532462724,4.0197149515162,94.09552160051135,,Eastern Mediterranean,TUN,Lower middle income
Tunisia,2013,3094.9404296875,67.49500274658203,98.0414391764017,4.007845863557428,94.10870875867195,,Eastern Mediterranean,TUN,Lower middle income
Tunisia,2014,3092.746337890625,67.77200317382812,98.04256203831147,3.995976900613789,94.12189479850898,,Eastern Mediterranean,TUN,Lower middle income
Tunisia,2015,3087.598876953125,68.05599975585938,98.0437138976864,3.98380801906493,94.13541466295548,,Eastern Mediterranean,TUN,Lower middle income
Tunisia,2016,3085.19091796875,68.34600067138672,98.04489076843434,3.971382015365629,94.14922086926452,,Eastern Mediterranean,TUN,Lower middle income
Tunisia,2017,3085.773681640625,68.64200592041016,97.0275127016146,3.817943896360325,93.22081809135176,,Eastern Mediterranean,TUN,Lower middle income
Tunisia,2018,3087.168212890625,68.94499969482422,96.00664123126148,3.666107495691185,92.28715952786821,,Eastern Mediterranean,TUN,Lower middle income
Tunisia,2019,3086.825439453125,69.25399780273438,94.98217063842009,3.515972141552477,91.34803450986628,,Eastern Mediterranean,TUN,Lower middle income
Tunisia,2020,3086.13427734375,69.56800079345703,93.95400676285374,3.367624016170892,90.40325817560205,,Eastern Mediterranean,TUN,Lower middle income
Tunisia,2021,3089.71484375,69.88800048828125,92.92204098268914,3.221083443293397,89.45269681742805,,Eastern Mediterranean,TUN,Lower middle income
Tunisia,2022,3096.09130859375,70.21399688720703,91.8861733060687,3.076407071613315,88.49618886754276,,Eastern Mediterranean,TUN,Lower middle income
Tunisia,2023,3102.395263671875,70.54399871826172,90.84636664396496,2.933692664680611,87.53359698157747,,Eastern Mediterranean,TUN,Lower middle income
Tunisia,2024,3108.34912109375,70.8800048828125,89.80246699326881,2.792942629334545,86.56475851076762,,Eastern Mediterranean,TUN,Lower middle income
Turkmenistan,2015,1756.6602783203125,50.31700134277344,99.0,<1,98.21287460957343,,Europe,TKM,Upper middle income
Turkmenistan,2016,1782.6419677734375,50.72800064086914,99.0,<1,98.2081089490182,,Europe,TKM,Upper middle income
Turkmenistan,2017,1805.4532470703125,51.15299987792969,99.0,<1,98.20318127326522,,Europe,TKM,Upper middle income
Turkmenistan,2018,1824.2503662109375,51.59299850463867,99.0,<1,98.1980777574815,,Europe,TKM,Upper middle income
Turkmenistan,2019,1839.0430908203125,52.047996520996094,99.0,<1,98.19280438424708,,Europe,TKM,Upper middle income
Turkmenistan,2020,1850.8873291015625,52.5160026550293,99.0,<1,98.18737800958678,,Europe,TKM,Upper middle income
Turkmenistan,2021,1861.4290771484375,52.99800109863281,99.0,<1,98.18178716814879,,Europe,TKM,Upper middle income
Turkmenistan,2022,1872.9364013671875,53.49399948120117,99.0,<1,98.17603793955475,,Europe,TKM,Upper middle income
Turkmenistan,2023,1888.351806640625,54.00299835205078,99.0,<1,98.17013423751048,,Europe,TKM,Upper middle income
Turks and Caicos Islands,2000,5.508500099182129,84.55000305175781,,-,-,,Americas,TCA,High income
Turks and Caicos Islands,2001,5.759500026702881,85.36199951171875,,-,-,,Americas,TCA,High income
Turks and Caicos Islands,2002,6.036499977111816,86.00699615478516,,-,-,,Americas,TCA,High income
Turks and Caicos Islands,2003,6.3354997634887695,86.60800170898438,,-,-,,Americas,TCA,High income
Turks and Caicos Islands,2004,6.623999118804932,87.18799591064453,,-,-,,Americas,TCA,High income
Turks and Caicos Islands,2005,6.897500991821289,87.7449951171875,,-,-,,Americas,TCA,High income
Turks and Caicos Islands,2006,7.154999256134033,88.28099822998047,,-,-,,Americas,TCA,High income
Turks and Caicos Islands,2007,7.398500919342041,88.7969970703125,,-,-,,Americas,TCA,High income
Turks and Caicos Islands,2008,7.64349889755249,89.29399871826172,,-,-,,Americas,TCA,High income
Turks and Caicos Islands,2009,7.900500774383545,89.77000427246094,,-,-,,Americas,TCA,High income
Turks and Caicos Islands,2010,8.164000511169434,90.22799682617188,,-,-,,Americas,TCA,High income
Turks and Caicos Islands,2011,8.431500434875488,90.66799926757812,,-,-,,Americas,TCA,High income
Turks and Caicos Islands,2012,8.773499488830566,91.08999633789062,,-,-,,Americas,TCA,High income
Turks and Caicos Islands,2013,9.189499855041504,91.48300170898438,,-,-,,Americas,TCA,High income
Turks and Caicos Islands,2014,9.554498672485352,91.85100555419922,,-,-,,Americas,TCA,High income
Turks and Caicos Islands,2015,9.954501152038574,92.19499969482422,,-,-,,Americas,TCA,High income
Turks and Caicos Islands,2016,10.392999649047852,92.51699829101562,99.0,1.19260772389767,96.08253183620194,,Americas,TCA,High income
Turks and Caicos Islands,2017,10.791500091552734,92.81700134277344,99.0,1.188897843081044,96.07741139010601,,Americas,TCA,High income
Turks and Caicos Islands,2018,11.197501182556152,93.0979995727539,99.0,1.185422821730478,96.07260494811935,,Americas,TCA,High income
Turks and Caicos Islands,2019,11.583000183105469,93.36000061035156,99.0,1.182182891899047,96.06813197790673,,Americas,TCA,High income
Turks and Caicos Islands,2020,11.833500862121582,93.6050033569336,99.0,1.179153145480187,96.06394698091975,,Americas,TCA,High income
Turks and Caicos Islands,2021,11.952000617980957,93.83399963378906,99.0,1.176321186600668,96.06003041860593,,Americas,TCA,High income
Turks and Caicos Islands,2022,11.998000144958496,94.0469970703125,99.0,1.173687161513367,96.05638985158147,,Americas,TCA,High income
Turks and Caicos Islands,2023,11.984500885009766,94.24700164794922,99.0,1.171213889205976,96.05297671327762,,Americas,TCA,High income
Turks and Caicos Islands,2024,11.970998764038086,94.43299865722656,99.0,1.168913813709816,96.04980148553808,,Americas,TCA,High income
Tuvalu,2016,2.50249981880188,60.64500045776367,94.69294438781546,18.71363945892592,75.833545823044,,Western Pacific,TUV,Upper middle income
Tuvalu,2017,2.4900004863739014,61.52999877929688,94.7290009942056,18.58677085070944,75.99974879922111,,Western Pacific,TUV,Upper middle income
Tuvalu,2018,2.457000255584717,62.387001037597656,94.76391990341396,18.46391589611544,76.1606967384708,,Western Pacific,TUV,Upper middle income
Tuvalu,2019,2.4130001068115234,63.21500015258789,94.79764827030208,18.34521733766061,76.31619032380216,,Western Pacific,TUV,Upper middle income
Tuvalu,2020,2.373000383377075,64.01399993896484,94.83020311681156,18.23067687010992,76.4662448977131,,Western Pacific,TUV,Upper middle income
Tuvalu,2021,2.3289999961853027,64.78499603271484,94.86161270790151,18.12015011475346,76.6110367909071,,Western Pacific,TUV,Upper middle income
Tuvalu,2022,2.254500150680542,65.5270004272461,94.8918432931016,18.01378085283445,76.75038478097503,,Western Pacific,TUV,Upper middle income
Tuvalu,2023,2.1530003547668457,66.24100494384766,94.92093129567236,17.91142440450269,76.88447369310268,,Western Pacific,TUV,Upper middle income
Tuvalu,2024,2.07200026512146,66.9280014038086,94.9489216833843,17.81294022520844,77.01349268766846,,Western Pacific,TUV,Upper middle income
Uganda,2013,7935.228515625,20.95800018310547,98.02368125866757,41.52725071206795,56.46763998011169,,Africa,UGA,Low income
Uganda,2014,8221.78515625,21.503999710083008,98.02362452667975,41.40469422923167,56.59070478593006,,Africa,UGA,Low income
Uganda,2015,8545.1201171875,22.059999465942383,98.0235672531083,41.27989332566793,56.71602381977169,,Africa,UGA,Low income
Uganda,2016,8925.341796875,22.623998641967773,98.02351000774158,41.15329677749485,56.84314680679506,,Africa,UGA,Low income
Uganda,2017,9350.0654296875,23.19599914550781,98.02345260606918,41.02490488572516,56.97207325978273,,Africa,UGA,Low income
Uganda,2018,9773.7421875,23.77400016784668,98.02339231324694,40.89516539523463,57.10235062977311,,Africa,UGA,Low income
Uganda,2019,10211.9794921875,24.36100006103516,98.02333407138887,40.76340682107232,57.23465844847727,,Africa,UGA,Low income
Uganda,2020,10656.8046875,24.95400047302246,98.02326862956684,40.63029847803563,57.3683150483789,,Africa,UGA,Low income
Uganda,2021,11096.2490234375,25.55299949645996,98.0232085075452,40.49584624132575,57.50332706772968,,Africa,UGA,Low income
United Republic of Tanzania,2018,13675.30078125,33.7760009765625,96.99107000053807,39.04463091547505,61.56520401718094,,Africa,TZA,Lower middle income
United Republic of Tanzania,2019,14139.5859375,34.5,97.00181148570036,38.92922430134977,61.71085022915658,,Africa,TZA,Lower middle income
United Republic of Tanzania,2020,14626.3134765625,35.22700119018555,97.01259615517718,38.81333867001273,61.8570994311473,,Africa,TZA,Lower middle income
United Republic of Tanzania,2021,15129.826171875,35.95399856567383,97.02338086950792,38.69745390370589,62.00334767954084,,Africa,TZA,Lower middle income
United Republic of Tanzania,2022,15629.5478515625,36.68199920654297,97.03418045559708,38.58140878762441,62.14979823542945,,Africa,TZA,Lower middle income
United Republic of Tanzania,2023,16123.373046875,37.40900039672852,97.04496376924544,38.46552303948553,62.29604607938078,,Africa,TZA,Lower middle income
United Republic of Tanzania,2024,16618.435546875,38.1359977722168,97.05575226959304,38.34963888929483,62.44229778375735,,Africa,TZA,Lower middle income
Uzbekistan,2018,8519.2373046875,50.47800064086914,96.49330793219404,14.14575333552116,82.19378778414705,,Europe,UZB,Lower middle income
Uzbekistan,2019,8585.791015625,50.43299865722656,96.4939077253364,14.14820115183824,82.19185096167959,,Europe,UZB,Lower middle income
Uzbekistan,2020,8653.1357421875,50.41600036621094,96.49412734780844,14.14912488228786,82.1911133176196,,Europe,UZB,Lower middle income
Uzbekistan,2021,8722.0341796875,50.427001953125,96.49398202410995,14.14852661802814,82.19158796628626,,Europe,UZB,Lower middle income
Uzbekistan,2022,8802.3310546875,50.46599960327149,96.49346667919848,14.14640589175016,82.19327029773417,,Europe,UZB,Lower middle income
Uzbekistan,2023,8898.0947265625,50.53200149536133,96.49258968321504,14.14281609057672,82.19611334005799,,Europe,UZB,Lower middle income
Uzbekistan,2024,9000.65625,50.6259994506836,96.49134435946246,14.13770417005237,82.20016540972661,,Europe,UZB,Lower middle income
Vanuatu,2019,70.94650268554688,25.393999099731445,96.38372374506024,20.01404934883389,76.29733641728814,,Western Pacific,VUT,Lower middle income
Vanuatu,2020,72.45800018310547,25.525001525878903,96.38267708465524,19.99675699324163,76.31370913209226,,Western Pacific,VUT,Lower middle income
Vanuatu,2021,74.08900451660156,25.665000915527344,96.38155642517282,19.97827660642335,76.33120460399306,,Western Pacific,VUT,Lower middle income
Vanuatu,2022,75.83301544189453,25.81599998474121,96.38035004683496,19.95834455606035,76.35007668534594,,Western Pacific,VUT,Lower middle income
Vanuatu,2023,77.73200225830078,25.97599983215332,96.3790732923548,19.93722505471468,76.3700745650402,,Western Pacific,VUT,Lower middle income
Vanuatu,2024,79.74849700927734,26.14699935913086,96.3777054636434,19.91465259470873,76.39144499929905,,Western Pacific,VUT,Lower middle income
Viet Nam,2017,25794.75390625,35.2130012512207,98.14615131076378,1.192851742053254,96.9532930900105,,Western Pacific,VNM,Lower middle income
Viet Nam,2018,25692.203125,35.91899871826172,98.14784372743728,1.190348382180829,96.9574889371565,,Western Pacific,VNM,Lower middle income
Viet Nam,2019,25662.044921875,36.62799835205078,98.14954559735035,1.187834410439667,96.96170484971076,,Western Pacific,VNM,Lower middle income
Viet Nam,2020,25692.65625,37.34000015258789,98.15125760722734,1.185309834861292,96.96594150636597,,Western Pacific,VNM,Lower middle income
Viet Nam,2021,25734.421875,38.05199813842773,98.15296586944798,1.182785221853141,96.97017445279467,,Western Pacific,VNM,Lower middle income
Viet Nam,2022,25779.216796875,38.76599884033203,98.1546812604791,1.18025353227389,96.97442160480512,,Western Pacific,VNM,Lower middle income
Viet Nam,2023,25837.416015625,39.47999954223633,98.15639326732668,1.177721802997509,96.97866541232938,,Western Pacific,VNM,Lower middle income
Viet Nam,2024,25925.591796875,40.19499969482422,98.15810772104813,1.175186538963971,96.98291520158433,,Western Pacific,VNM,Lower middle income
